respondent_id,survey_date,age,gender,education,employment_status,annual_income,region,city_type,customer_satisfaction,product_usage_frequency,experience_years,last_purchase_amount,nps_score,response_quality_score,response_time_seconds,sampling_weight
RESP_0001,2025-10-06 12:48:27.835629,40,Female,Bachelor,Employed,67034.10557831546,North,Rural,8.4,13.0,8.9,153.23,4.0,82.8,118,1.6327253306087381
RESP_0002,2025-07-31 12:48:27.835629,33,Female,High School,Unemployed,81497.780114616,South,Tier-2,5.2,8.0,3.1,478.81,7.0,91.4,136,0.7256557024927724
RESP_0003,2025-07-20 12:48:27.835629,42,Male,Bachelor,Employed,96661.28820958437,North,Metro,7.5,8.0,4.2,489.08,,78.1,150,0.5224721057947963
RESP_0004,2025-08-21 12:48:27.835629,53,Male,High School,Self-Employed,15000.0,Central,Rural,5.1,9.0,4.2,158.75,2.0,70.9,261,2.5397949587247037
RESP_0005,2025-08-17 12:48:27.835629,32,Female,Bachelor,Employed,113631.47319836657,South,Tier-1,6.6,13.0,1.2,434.57,6.0,71.2,91,0.7256557024927724
RESP_0006,2025-08-14 12:48:27.835629,32,Female,Master,Unemployed,22851.31013643833,West,Metro,8.0,10.0,0.0,433.11,9.0,61.4,405,0.580524561994218
RESP_0007,2025-08-03 12:48:27.835629,53,Female,Bachelor,Student,15000.0,West,Tier-2,5.5,128.0,0.2,196.05,9.0,90.4,397,0.7256557024927724
RESP_0008,2025-07-30 12:48:27.835629,44,Female,High School,Unemployed,15000.0,East,Tier-1,7.8,8.0,1.0,175.68,5.0,91.0,216,0.7256557024927724
RESP_0009,2025-10-11 12:48:27.835629,29,Prefer not to say,Bachelor,Retired,43235.624417847655,South,Metro,,7.0,3.5,319.28,9.0,86.9,72,1.161049123988436
RESP_0010,2025-09-24 12:48:27.835629,41,Male,High School,Student,16596.52480173747,Central,Metro,14.685830944866122,12.0,7.1,857.66,10.0,89.9,72,0.8127343867919051
RESP_0011,2025-07-28 12:48:27.835629,29,Male,PhD,Student,33845.60473826614,Central,Tier-1,6.0,2.0,9.6,554.67,10.0,95.9,310,1.0159179834898815
RESP_0012,2025-09-30 12:48:27.835629,29,Male,High School,Retired,47600.66401529379,South,Tier-3,5.5,6.0,0.1,263.43,9.0,69.7,87,0.7256557024927724
RESP_0013,2025-09-09 12:48:27.835629,37,Male,Bachelor,Student,31410.316770815298,East,Tier-2,4.8,6.0,13.8,32.7,9.0,,383,0.7256557024927724
RESP_0014,2025-07-21 12:48:27.835629,18,Female,,Self-Employed,24453.204011057725,Central,Rural,6.1,6.0,1.2,242.79,,90.8,302,3.809692438087055
RESP_0015,2025-07-20 12:48:27.835629,18,Male,Master,Employed,15000.0,North,,4.1,13.0,,32.12,8.0,85.9,87,0.9796351983652429
RESP_0016,2025-07-28 12:48:27.835629,-1,Female,Bachelor,Employed,36958.65175397482,South,Metro,6.2,6.0,,51.1,8.0,83.6,131,0.580524561994218
RESP_0017,2025-08-13 12:48:27.835629,22,Male,Master,Self-Employed,,North,Metro,8.6,6.0,0.2,124.65,7.0,70.6,289,0.7837081586921943
RESP_0018,2025-08-15 12:48:27.835629,38,Female,Below High School,Employed,20977.41300397558,East,Metro,6.7,9.0,1.4,268.74,,91.8,188,0.580524561994218
RESP_0019,2025-09-19 12:48:27.835629,24,Female,Bachelor,Employed,17288.083234394373,North,Metro,5.2,8.0,5.9,138.49,9.0,75.9,112,0.7837081586921943
RESP_0020,2025-10-02 12:48:27.835629,18,Male,Bachelor,Retired,29986.378837661327,South,Tier-3,7.3,14.0,0.7,592.31,10.0,88.4,225,1.0884835537391588
RESP_0021,2025-07-20 12:48:27.835629,52,Female,Bachelor,Student,30617.77986534911,South,Rural,7.2,6.0,0.5,,6.0,93.2,287,1.8141392562319312
RESP_0022,2025-09-26 12:48:27.835629,32,Male,Bachelor,Student,78273.57488763166,East,Rural,9.9,4.0,7.2,143.82,6.0,70.6,47,1.8141392562319312
RESP_0023,2025-08-11 12:48:27.835629,35,Male,Bachelor,Employed,128898.66368417926,Central,Metro,8.2,9.0,8.4,410.41,8.0,83.8,249,0.8127343867919051
RESP_0024,2025-10-08 12:48:27.835629,18,Male,,Employed,15000.0,West,Tier-3,7.5,7.0,0.0,129.89,4.0,80.3,276,1.0884835537391588
RESP_0025,2025-10-14 12:48:27.835629,28,Male,High School,Employed,178843.44625641647,West,Tier-1,8.4,8.0,3.9,273.78,8.0,81.5,35,0.7256557024927724
RESP_0026,2025-09-24 12:48:27.835629,36,Male,High School,Employed,19468.70376981405,West,Metro,6.8,,,14.94,3.0,90.2,142,0.580524561994218
RESP_0027,2025-09-08 12:48:27.835629,21,Female,High School,Employed,41690.202424770156,North,Tier-3,6.9,10.0,1.4,127.97,8.0,83.2,133,0.9796351983652429
RESP_0028,2025-08-14 12:48:27.835629,39,Female,High School,Employed,54649.22931550264,North,Tier-2,9.5,6.0,1.9,,8.0,77.5,93,0.6530901322434952
RESP_0029,2025-09-12 12:48:27.835629,27,Female,High School,Student,256700.72779861058,Central,Metro,4.5,4.0,1.7,,3.0,79.0,264,0.8127343867919051
RESP_0030,2025-09-30 12:48:27.835629,31,Male,Bachelor,Unemployed,23533.356748462007,South,Tier-1,8.5,10.0,2.2,297.3,5.0,87.2,71,0.7256557024927724
RESP_0031,2025-08-21 12:48:27.835629,27,Female,High School,Employed,15000.0,North,Metro,6.8,10.0,2.6,389.63,6.0,95.1,103,0.5224721057947963
RESP_0032,2025-07-17 12:48:27.835629,57,Male,Master,Employed,119647.30584949012,West,Tier-2,6.6,5.0,,569.43,7.0,87.4,303,0.9433524132406043
RESP_0033,2025-08-06 12:48:27.835629,34,Male,High School,Employed,18644.40076586903,South,Tier-1,6.2,7.0,3.6,240.29,8.0,92.8,159,0.7256557024927724
RESP_0034,2025-10-14 12:48:27.835629,22,Female,High School,Employed,,South,Rural,7.2,8.0,3.8,158.82,8.0,84.5,185,2.721208884347897
RESP_0035,2025-09-09 12:48:27.835629,44,Male,Bachelor,Retired,15000.0,Central,Metro,6.9,4.0,1.7,431.48,7.0,79.4,58,0.8127343867919051
RESP_0036,2025-08-29 12:48:27.835629,20,Female,Bachelor,Employed,27256.218654507076,Central,Tier-1,6.4,7.0,0.5,210.01,7.0,77.1,67,1.523876975234822
RESP_0037,2025-08-21 12:48:27.835629,37,,High School,Employed,18540.017277727013,South,Tier-1,5.9,12.0,3.1,155.92,0.0,90.4,190,0.7256557024927724
RESP_0038,2025-08-05 12:48:27.835629,18,Male,Master,Employed,62389.573758652536,Central,Tier-1,4.1,8.0,-4.782427918530451,189.22,9.0,42.5,85,1.523876975234822
RESP_0039,2025-08-13 12:48:27.835629,19,Male,Master,Employed,38740.207911032856,West,Tier-1,,6.0,3.0,346.85,2.0,60.5,425,1.0884835537391588
RESP_0040,2025-08-29 12:48:27.835629,37,Male,High School,Self-Employed,21060.528314001887,West,,6.2,5.0,2.7,38.97,9.0,87.5,18,0.7256557024927724
RESP_0041,2025-07-30 12:48:27.835629,43,Female,High School,Unemployed,80555.17088972387,North,Tier-3,7.2,8.0,0.8,351.43,8.0,70.2,6853,0.6530901322434952
RESP_0042,2025-07-28 12:48:27.835629,37,Male,Below High School,Self-Employed,44533.51810799899,North,Rural,9.9,9.0,3.1,89.29,8.0,76.9,205,1.6327253306087381
RESP_0043,2025-09-03 12:48:27.835629,33,Male,Bachelor,Employed,15000.0,West,Tier-3,6.1,4.0,1.2,137.84,9.0,91.3,151,0.7256557024927724
RESP_0044,2025-07-29 12:48:27.835629,31,Male,Bachelor,Self-Employed,75793.10854977426,Central,Tier-3,5.5,9.0,7.6,69.14,9.0,91.3,300,1.0159179834898815
RESP_0045,2025-08-31 12:48:27.835629,18,,Master,Self-Employed,42103.84337545308,West,Tier-2,5.9,6.0,3.2,401.02,10.0,68.2,236,1.0884835537391588
RESP_0046,2025-08-30 12:48:27.835629,26,Male,High School,Student,110479.58039665861,North,Tier-3,7.2,11.0,1.0,298.12,8.0,77.5,310,0.6530901322434952
RESP_0047,2025-10-02 12:48:27.835629,29,Male,Bachelor,Employed,40100.09334406483,North,Tier-1,7.9,9.0,1.9,89.58,4.0,68.8,216,0.6530901322434952
RESP_0048,2025-08-19 12:48:27.835629,47,Female,High School,Employed,,West,Tier-1,8.1,8.0,5.6,447.41,10.0,71.2,239,0.7256557024927724
RESP_0049,2025-07-22 12:48:27.835629,39,Female,Master,Self-Employed,30839.873731468717,North,Tier-1,8.2,8.0,1.2,51.93,,64.3,115,0.6530901322434952
RESP_0050,2025-09-13 12:48:27.835629,18,Male,Bachelor,Self-Employed,69087.9399895013,East,Tier-1,8.5,7.0,2.2,179.94,9.0,63.0,175,1.0884835537391588
RESP_0051,2025-09-23 12:48:27.835629,38,Male,,Employed,19602.460091981913,North,Metro,6.6,7.0,3.4,64.92,8.0,70.9,258,0.5224721057947963
RESP_0052,2025-08-01 12:48:27.835629,-4,Male,High School,Employed,25533.907922868006,North,Rural,10.0,7.0,4.2,214.35,10.0,84.5,189,1.6327253306087381
RESP_0053,2025-09-03 12:48:27.835629,26,,High School,Employed,30413.721053205827,West,Tier-1,6.5,,0.6,156.05,10.0,84.8,124,0.7256557024927724
RESP_0054,2025-07-27 12:48:27.835629,42,Male,Bachelor,Student,,West,Metro,7.2,12.0,2.5,80.66,2.0,67.7,235,0.580524561994218
RESP_0055,2025-09-25 12:48:27.835629,47,Female,Bachelor,Employed,19829.80247005662,South,Tier-1,8.9,11.0,7.3,246.74,8.0,77.2,92,0.7256557024927724
RESP_0056,2025-08-23 12:48:27.835629,46,Female,Bachelor,Retired,41690.98316887395,North,Metro,7.8,7.0,10.4,95.93,4.0,86.4,150,0.5224721057947963
RESP_0057,2025-10-05 12:48:27.835629,172,Female,High School,Employed,95033.25843661901,West,Metro,3.6,4.0,3.2,21.45,3.0,77.2,270,0.580524561994218
RESP_0058,2025-10-04 12:48:27.835629,31,Male,Master,Retired,46803.702300806544,North,Metro,7.0,14.0,12.3,49.89,7.0,38.2,472,0.5224721057947963
RESP_0059,2025-09-01 12:48:27.835629,38,Female,High School,Student,2392159.723134078,East,Tier-1,8.3,10.0,2.5,177.43,3.0,87.4,44,0.7256557024927724
RESP_0060,2025-09-28 12:48:27.835629,46,Female,PhD,Employed,18675.791292147205,Central,Tier-1,5.0,11.0,1.8,198.42,9.0,90.1,13,1.0159179834898815
RESP_0061,2025-08-10 12:48:27.835629,29,Female,High School,Student,87214.71357977772,North,Tier-3,8.1,5.0,2.4,119.29,10.0,70.4,270,0.6530901322434952
RESP_0062,2025-10-15 12:48:27.835629,32,,Bachelor,Employed,51369.731669308574,Central,Tier-2,7.6,13.0,0.4,642.94,8.0,90.6,110,1.0159179834898815
RESP_0063,2025-07-25 12:48:27.835629,21,Prefer not to say,High School,Retired,,North,Tier-1,8.8,8.0,1.5,314.72,5.0,86.2,90,1.9592703967304859
RESP_0064,2025-07-22 12:48:27.835629,20,Male,Master,Self-Employed,74527.14995814413,,Tier-1,6.0,5.0,1.8,333.03,9.0,84.3,81,1.0884835537391588
RESP_0065,2025-10-09 12:48:27.835629,44,Male,Bachelor,Employed,56821.022416925654,South,Tier-1,8.5,7.0,5.7,108.59,9.0,54.1,295,0.7256557024927724
RESP_0066,2025-08-15 12:48:27.835629,51,Male,Unknown Degree,Self-Employed,18942.734257691332,Central,Tier-3,7.2,8.0,4.3,96.48,9.0,90.2,100,1.0159179834898815
RESP_0067,2025-08-23 12:48:27.835629,34,,High School,Retired,33486.491409723174,South,Metro,9.6,10.0,2.8,283.05,8.0,78.5,51,0.580524561994218
RESP_0068,2025-07-27 12:48:27.835629,47,Male,High School,Employed,24484.163931571762,South,Metro,10.0,5.0,1.3,195.81,9.0,75.8,203,0.580524561994218
RESP_0069,2025-08-15 12:48:27.835629,39,Male,High School,Self-Employed,298591.0982509942,Central,Tier-3,9.3,5.0,0.6,303.01,5.0,65.1,150,1.0159179834898815
RESP_0070,2025-07-29 12:48:27.835629,27,Male,PhD,Unemployed,55569.84108261713,East,Tier-1,7.7,,1.3,193.74,10.0,88.8,137,0.7256557024927724
RESP_0071,2025-09-03 12:48:27.835629,39,Male,Bachelor,Student,42167.693243402544,East,Metro,10.0,5.0,3.4,413.09,10.0,67.7,31,0.580524561994218
RESP_0072,2025-08-21 12:48:27.835629,53,Female,Master,Employed,53004.412557012234,South,Metro,7.9,12.0,0.9,248.6,10.0,82.0,141,0.580524561994218
RESP_0073,2025-09-13 12:48:27.835629,34,Female,Bachelor,Employed,109461.70823077453,West,Rural,5.6,2.0,1.7,214.56,6.0,73.9,176,1.8141392562319312
RESP_0074,2025-10-06 12:48:27.835629,53,Male,Bachelor,Employed,33972.13417435473,North,Tier-3,6.9,7.0,1.5,352.96,9.0,64.4,163,0.6530901322434952
RESP_0075,2025-09-01 12:48:27.835629,18,Male,High School,Self-Employed,22653.56608823296,North,Tier-2,8.1,9.0,4.4,702.96,8.0,68.7,59,0.9796351983652429
RESP_0076,2025-08-06 12:48:27.835629,44,Female,High School,Employed,71355.27721067783,East,Tier-1,8.2,9.0,6.5,395.68,8.0,87.8,159,0.7256557024927724
RESP_0077,2025-09-02 12:48:27.835629,36,Male,Master,Retired,31572.58144700846,South,Tier-1,5.3,7.0,3.6,75.03,9.0,79.3,103,0.7256557024927724
RESP_0078,2025-08-31 12:48:27.835629,31,Male,PhD,Employed,,Central,Rural,5.4,10.0,1.3,209.57,1.0,70.7,324,2.5397949587247037
RESP_0079,2025-08-12 12:48:27.835629,36,Other,High School,Self-Employed,15000.0,Central,Rural,6.5,8.0,1.7,215.17,7.0,96.3,131,5.0795899174494075
RESP_0080,2025-10-10 12:48:27.835629,18,Female,High School,Employed,123430.95879977471,West,Metro,7.8,10.0,0.5,309.01,9.0,73.8,113,0.8707868429913271
RESP_0081,2025-08-20 12:48:27.835629,32,Male,Bachelor,Employed,40348.74835584958,West,Tier-3,8.0,10.0,0.6,176.48,9.0,91.2,106,0.7256557024927724
RESP_0082,2025-10-14 12:48:27.835629,39,Female,Below High School,Employed,22659.76339059299,West,Metro,,,0.5,242.9,9.0,87.6,113,0.580524561994218
RESP_0083,2025-10-12 12:48:27.835629,52,Male,High School,Employed,30107.57472786255,North,Metro,5.7,4.0,0.4,258.14,5.0,84.4,63,0.5224721057947963
RESP_0084,2025-10-07 12:48:27.835629,28,Female,Bachelor,Self-Employed,69283.06440325346,West,Tier-2,9.6,7.0,0.6,297.01,9.0,84.0,157,0.7256557024927724
RESP_0085,2025-07-26 12:48:27.835629,25,Male,Master,Student,28717.891000234962,North,Tier-1,5.4,7.0,0.7,74.58,4.0,77.4,71,0.9796351983652429
RESP_0086,2025-10-02 12:48:27.835629,28,Male,High School,Self-Employed,15000.0,South,Rural,9.0,8.0,0.4,85.25,9.0,91.3,104,1.8141392562319312
RESP_0087,2025-10-06 12:48:27.835629,186,Male,High School,Retired,47130.3611020439,West,Metro,8.1,4.0,3.1,848.36,6.0,93.3,223,0.580524561994218
RESP_0088,2025-08-07 12:48:27.835629,38,Female,Bachelor,Student,,East,Tier-1,8.9,9.0,13.9,28.78,9.0,79.8,238,0.7256557024927724
RESP_0089,2025-09-23 12:48:27.835629,28,Female,Master,Self-Employed,90506.00258348299,Central,Rural,6.3,13.0,6.3,255.94,7.0,83.8,146,2.5397949587247037
RESP_0090,2025-08-17 12:48:27.835629,41,Male,High School,Student,23214.58559357375,North,Rural,6.8,8.0,0.1,395.53,10.0,84.4,282,1.6327253306087381
RESP_0091,2025-08-06 12:48:27.835629,36,,Bachelor,Self-Employed,100241.55730031534,West,Metro,7.1,9.0,1.7,101.18,8.0,84.9,161,0.580524561994218
RESP_0092,2025-09-14 12:48:27.835629,46,Female,Bachelor,,43060.43955953927,North,Tier-1,6.3,10.0,,552.97,8.0,66.7,314,0.6530901322434952
RESP_0093,2025-09-03 12:48:27.835629,26,Male,Bachelor,Unemployed,98019.12337571828,West,Tier-2,7.3,,0.4,250.17,7.0,63.9,166,0.7256557024927724
RESP_0094,2025-08-20 12:48:27.835629,31,Male,Bachelor,Employed,57466.0503663155,West,Metro,,6.0,5.6,717.97,9.0,78.7,87,0.580524561994218
RESP_0095,2025-10-06 12:48:27.835629,30,Other,Bachelor,Self-Employed,,East,Rural,5.1,,2.7,110.09,8.0,60.6,447,3.6282785124638623
RESP_0096,2025-10-13 12:48:27.835629,18,Male,Bachelor,Unemployed,146882.92942631085,South,Rural,6.0,10.0,8.0,211.46,0.0,80.9,97,2.721208884347897
RESP_0097,2025-09-26 12:48:27.835629,38,Female,Bachelor,Employed,37851.54514777944,North,Metro,5.9,7.0,6.3,162.97,8.0,90.4,266,0.5224721057947963
RESP_0098,2025-08-14 12:48:27.835629,38,Other,Bachelor,Employed,57609.056148802294,North,Metro,6.9,9.0,3.4,144.55,9.0,85.4,242,1.0449442115895926
RESP_0099,2025-10-12 12:48:27.835629,35,Male,Bachelor,Student,15000.0,West,Metro,6.8,11.0,3.2,151.94,5.0,83.4,178,0.580524561994218
RESP_0100,2025-08-27 12:48:27.835629,32,Male,Master,Self-Employed,54407.71268337185,Central,Rural,14.191209488834431,7.0,0.7,187.13,5.0,78.4,103,2.5397949587247037
RESP_0101,2025-07-24 12:48:27.835629,18,Male,High School,Employed,87758.34058335143,North,,7.1,8.0,0.4,175.78,8.0,84.5,169,0.9796351983652429
RESP_0102,2025-08-15 12:48:27.835629,29,Female,Master,Self-Employed,170801.31669238882,West,Tier-1,7.5,9.0,1.6,428.27,9.0,73.8,138,0.7256557024927724
RESP_0103,2025-07-21 12:48:27.835629,30,Female,Master,Self-Employed,111337.32498828713,Central,Tier-1,7.6,9.0,0.6,403.98,6.0,93.1,83,1.0159179834898815
RESP_0104,2025-08-26 12:48:27.835629,25,Female,High School,Employed,-3876.952604077356,East,Tier-2,7.4,5.0,0.3,55.1,10.0,66.5,150,1.0884835537391588
RESP_0105,2025-09-06 12:48:27.835629,33,Male,Bachelor,Retired,15000.0,West,Metro,8.1,10.0,1.1,,10.0,93.5,114,0.580524561994218
RESP_0106,2025-08-20 12:48:27.835629,39,Female,Bachelor,Self-Employed,40369.03188051036,West,Metro,6.8,8.0,5.9,320.52,5.0,99.8,165,0.580524561994218
RESP_0107,2025-07-25 12:48:27.835629,57,Female,High School,Employed,22606.49080597934,South,Rural,9.5,11.0,0.1,299.19,6.0,,85,2.3583810331015105
RESP_0108,2025-08-13 12:48:27.835629,37,Female,Bachelor,Student,43825.99002071789,South,Rural,10.0,8.0,1.0,202.68,9.0,,141,1.8141392562319312
RESP_0109,2025-09-27 12:48:27.835629,38,Female,High School,Student,15000.0,North,Tier-3,8.1,5.0,1.7,242.14,10.0,68.5,221,0.6530901322434952
RESP_0110,2025-08-26 12:48:27.835629,34,Female,High School,Employed,30695.350535981877,Central,Metro,7.3,9.0,2.1,179.66,9.0,62.2,154,0.8127343867919051
RESP_0111,2025-08-13 12:48:27.835629,18,Female,Master,Employed,,Central,Tier-1,7.9,9.0,0.6,455.02,7.0,72.8,221,1.523876975234822
RESP_0112,2025-10-08 12:48:27.835629,34,Female,High School,Employed,23422.84050470918,West,Tier-2,5.3,9.0,10.0,421.14,5.0,80.0,245,0.7256557024927724
RESP_0113,2025-09-18 12:48:27.835629,35,Male,Master,Self-Employed,23609.65579532976,North,Metro,7.3,5.0,2.6,191.74,7.0,57.3,108,0.5224721057947963
RESP_0114,2025-09-05 12:48:27.835629,64,Male,Bachelor,Self-Employed,32575.51550007775,East,Rural,5.9,10.0,2.2,233.1,,89.1,76,2.3583810331015105
RESP_0115,2025-10-07 12:48:27.835629,32,Female,Master,Self-Employed,45658.990338643736,North,Tier-2,7.8,10.0,0.0,192.31,6.0,91.3,189,0.6530901322434952
RESP_0116,2025-09-13 12:48:27.835629,38,Male,Bachelor,Retired,15000.0,North,Metro,5.9,9.0,2.0,218.07,8.0,,73,0.5224721057947963
RESP_0117,2025-08-04 12:48:27.835629,34,Female,High School,Unemployed,15000.0,West,Rural,6.5,8.0,5.5,503.56,4.0,98.3,87,1.8141392562319312
RESP_0118,2025-08-19 12:48:27.835629,20,Prefer not to say,Bachelor,Employed,27696.101108490286,Central,Rural,4.2,8.0,0.7,175.76,7.0,65.8,166,7.61938487617411
RESP_0119,2025-08-03 12:48:27.835629,48,Female,High School,,31001.310731524176,Central,Metro,5.2,10.0,1.3,145.64,3.0,89.5,167,0.8127343867919051
RESP_0120,2025-08-17 12:48:27.835629,44,Male,Bachelor,Employed,42247.014741503124,West,Tier-1,7.5,10.0,0.1,231.85,2.0,90.4,102,0.7256557024927724
RESP_0121,2025-09-26 12:48:27.835629,44,Male,Master,Employed,20289.567488668687,North,Tier-1,5.7,3.0,11.3,190.74,9.0,86.1,113,0.6530901322434952
RESP_0122,2025-09-23 12:48:27.835629,24,Male,High School,Self-Employed,,South,Tier-1,8.6,14.0,0.2,127.8,5.0,96.5,18,1.0884835537391588
RESP_0123,2025-08-19 12:48:27.835629,51,Female,Bachelor,Student,40183.77410967698,South,Metro,5.6,11.0,6.9,382.63,8.0,81.1,358,0.580524561994218
RESP_0124,2025-09-29 12:48:27.835629,18,Female,Bachelor,Employed,20178.107781867813,West,Tier-2,7.7,8.0,1.1,412.85,4.0,85.1,73,1.0884835537391588
RESP_0125,2025-09-09 12:48:27.835629,42,Female,Master,Self-Employed,81696.3543450505,West,Rural,5.9,8.0,2.7,267.07,6.0,92.5,101,1.8141392562319312
RESP_0126,2025-09-29 12:48:27.835629,61,Male,Bachelor,Unemployed,41839.20297338375,South,Tier-1,7.6,8.0,3.4,139.52,7.0,80.5,129,0.9433524132406043
RESP_0127,2025-09-06 12:48:27.835629,23,Female,High School,Employed,56250.42504370392,South,Metro,4.7,9.0,0.5,456.87,4.0,89.0,250,0.8707868429913271
RESP_0128,2025-09-01 12:48:27.835629,28,Female,Bachelor,Employed,38371.742106079124,North,Tier-2,6.3,12.0,1.8,81.49,2.0,75.7,165,0.6530901322434952
RESP_0129,2025-08-14 12:48:27.835629,36,Male,High School,Employed,195426.27600450895,South,Tier-1,5.7,13.0,1.2,204.81,10.0,93.5,248,0.7256557024927724
RESP_0130,2025-08-03 12:48:27.835629,28,,Bachelor,Employed,58519.63718649153,East,Tier-3,,11.0,0.2,830.44,0.0,80.9,234,0.7256557024927724
RESP_0131,2025-09-20 12:48:27.835629,18,Male,PhD,,24577.959057747998,North,Tier-1,7.7,7.0,5.4,271.77,2.0,98.8,510,0.9796351983652429
RESP_0132,2025-09-18 12:48:27.835629,35,Male,Bachelor,Employed,70036.61862711425,East,Metro,5.2,7.0,0.1,184.32,9.0,82.0,139,0.580524561994218
RESP_0133,2025-07-28 12:48:27.835629,22,,Master,Employed,15000.0,Central,Metro,6.7,5.0,3.2,333.09,6.0,74.7,204,1.2191015801878575
RESP_0134,2025-07-23 12:48:27.835629,40,,High School,Employed,39961.83729798961,East,Tier-3,5.8,6.0,1.1,332.79,9.0,92.0,108,0.7256557024927724
RESP_0135,2025-07-31 12:48:27.835629,23,Female,Bachelor,Retired,46879.147158485655,North,Metro,8.4,3.0,0.6,541.03,4.0,80.5,5170,0.7837081586921943
RESP_0136,2025-08-05 12:48:27.835629,53,Female,Master,Employed,40328.617583707804,North,Tier-3,8.9,,3.3,120.15,5.0,72.8,287,0.6530901322434952
RESP_0137,2025-10-05 12:48:27.835629,25,Female,High School,Employed,27805.16026034125,East,Metro,4.8,13.0,2.6,341.48,8.0,61.2,119,0.8707868429913271
RESP_0138,2025-08-06 12:48:27.835629,31,Male,Master,Employed,16158.173739679352,South,Tier-1,8.2,7.0,1.1,231.64,10.0,91.2,145,0.7256557024927724
RESP_0139,2025-10-12 12:48:27.835629,44,Female,High School,Employed,,South,Tier-1,5.8,7.0,2.2,253.82,3.0,80.3,232,0.7256557024927724
RESP_0140,2025-09-09 12:48:27.835629,20,Female,Bachelor,Employed,39405.470585601135,East,Rural,6.6,11.0,0.8,225.1,7.0,83.2,236,2.721208884347897
RESP_0141,2025-10-01 12:48:27.835629,37,Female,Master,Self-Employed,15000.0,East,Rural,7.0,6.0,6.0,222.17,2.0,74.1,74,1.8141392562319312
RESP_0142,2025-07-25 12:48:27.835629,50,Male,Bachelor,Employed,149661.90950668155,West,Metro,9.7,9.0,1.1,56.13,5.0,78.8,65,0.580524561994218
RESP_0143,2025-09-04 12:48:27.835629,18,Male,High School,Employed,15000.0,South,,5.5,13.0,0.8,169.05,10.0,77.5,226,1.0884835537391588
RESP_0144,2025-09-03 12:48:27.835629,37,Female,Bachelor,Student,28036.140975009646,West,Metro,,11.0,4.2,226.59,3.0,84.4,565,0.580524561994218
RESP_0145,2025-10-01 12:48:27.835629,38,Male,Bachelor,Employed,,South,Tier-1,5.2,11.0,0.1,310.91,9.0,74.7,80,0.7256557024927724
RESP_0146,2025-09-14 12:48:27.835629,44,Female,Master,Employed,54498.95151811918,North,Tier-1,5.1,8.0,0.9,255.23,5.0,76.4,276,0.6530901322434952
RESP_0147,2025-09-22 12:48:27.835629,20,Female,Bachelor,Employed,17452.884558651604,East,Rural,,12.0,1.4,247.8,9.0,,198,2.721208884347897
RESP_0148,2025-08-18 12:48:27.835629,19,Female,High School,Retired,89988.38047197433,East,Rural,7.0,12.0,6.4,362.53,,86.8,112,2.721208884347897
RESP_0149,2025-09-25 12:48:27.835629,41,Female,Bachelor,Employed,15000.0,Central,Tier-1,2.8,15.0,9.0,608.72,10.0,70.0,171,1.0159179834898815
RESP_0150,2025-07-18 12:48:27.835629,38,Female,Bachelor,Student,23088.666054546728,West,Tier-1,8.7,4.0,3.8,203.85,4.0,86.3,129,0.7256557024927724
RESP_0151,2025-10-12 12:48:27.835629,38,Female,Bachelor,Unemployed,1725003.9690630264,Central,Tier-3,3.8,6.0,2.0,118.6,9.0,71.4,157,1.0159179834898815
RESP_0152,2025-07-31 12:48:27.835629,39,Female,Bachelor,Employed,83462.34506604073,Central,Tier-3,6.8,5.0,3.1,453.28,8.0,77.7,261,1.0159179834898815
RESP_0153,2025-10-12 12:48:27.835629,26,Female,Master,Retired,2201890.969075438,West,Metro,9.0,8.0,1.6,338.89,8.0,74.6,231,0.580524561994218
RESP_0154,2025-09-23 12:48:27.835629,37,Male,Bachelor,Employed,301350.5344208731,East,Tier-1,10.0,10.0,1.1,191.74,9.0,87.1,239,0.7256557024927724
RESP_0155,2025-08-20 12:48:27.835629,38,Male,Bachelor,Employed,17712.161082832008,East,Tier-1,6.5,7.0,9.0,462.23,8.0,96.7,149,0.7256557024927724
RESP_0156,2025-10-07 12:48:27.835629,26,Female,High School,Student,15000.0,Central,Metro,4.9,7.0,0.4,115.18,10.0,73.6,192,0.8127343867919051
RESP_0157,2025-08-29 12:48:27.835629,57,,High School,Unemployed,54294.15804134535,West,Metro,8.9,3.0,1.3,205.13,7.0,77.9,458,0.7546819305924835
RESP_0158,2025-07-31 12:48:27.835629,40,Male,High School,Self-Employed,27484.163282485664,North,Metro,8.3,10.0,6.9,186.56,8.0,51.8,115,0.5224721057947963
RESP_0159,2025-08-23 12:48:27.835629,20,Male,,Employed,24420.009824253644,West,Tier-2,6.3,9.0,3.9,477.92,10.0,83.7,172,1.0884835537391588
RESP_0160,2025-09-10 12:48:27.835629,42,Female,Bachelor,Employed,58484.39503259099,North,Metro,6.1,8.0,0.1,295.34,5.0,88.7,208,0.5224721057947963
RESP_0161,2025-08-06 12:48:27.835629,23,Female,Bachelor,Unemployed,15000.0,East,Metro,5.9,9.0,0.1,86.79,7.0,78.3,68,0.8707868429913271
RESP_0162,2025-09-13 12:48:27.835629,44,Female,Bachelor,Employed,15000.0,North,Metro,6.5,7.0,2.2,1007.88,10.0,76.6,177,0.5224721057947963
RESP_0163,2025-07-17 12:48:27.835629,48,Female,Master,Employed,22517.798228868072,West,Tier-3,7.5,7.0,2.0,352.7,7.0,67.7,233,0.7256557024927724
RESP_0164,2025-08-19 12:48:27.835629,25,Female,Below High School,Employed,86018.82026313858,Central,Tier-3,6.2,10.0,1.8,137.9,6.0,79.6,105,1.523876975234822
RESP_0165,2025-09-19 12:48:27.835629,46,Male,Master,Employed,23312.751517205772,South,Tier-1,6.3,6.0,1.1,578.39,7.0,60.8,266,0.7256557024927724
RESP_0166,2025-08-08 12:48:27.835629,39,Female,Bachelor,Student,130525.6903934694,North,Tier-1,8.0,6.0,12.9,239.36,10.0,84.4,149,0.6530901322434952
RESP_0167,2025-09-19 12:48:27.835629,44,Male,Bachelor,Employed,,South,Rural,4.8,8.0,,214.46,10.0,69.8,167,1.8141392562319312
RESP_0168,2025-07-30 12:48:27.835629,57,Female,Bachelor,Retired,45540.48309034752,West,Metro,6.4,11.0,2.0,,10.0,52.8,113,0.7546819305924835
RESP_0169,2025-10-05 12:48:27.835629,32,Female,High School,Employed,47656.72762647848,South,Metro,4.5,8.0,1.6,237.45,9.0,78.8,255,0.580524561994218
RESP_0170,2025-08-24 12:48:27.835629,25,Male,Bachelor,Unemployed,45506.119937428615,South,Metro,7.2,11.0,0.6,231.75,8.0,85.0,91,0.8707868429913271
RESP_0171,2025-10-06 12:48:27.835629,24,Male,Master,Employed,41265.17417658583,North,Metro,4.1,8.0,,216.44,,90.1,133,0.7837081586921943
RESP_0172,2025-09-19 12:48:27.835629,25,,Master,Employed,27092.348992794472,East,Tier-1,8.3,,7.5,157.31,4.0,77.3,131,1.0884835537391588
RESP_0173,2025-10-02 12:48:27.835629,34,Male,High School,Employed,-37897.04059850976,South,Rural,5.0,6.0,5.9,129.38,2.0,74.0,193,1.8141392562319312
RESP_0174,2025-08-11 12:48:27.835629,39,Male,Bachelor,Employed,15429.428010761538,West,Tier-2,4.3,8.0,0.7,269.54,0.0,98.1,511,0.7256557024927724
RESP_0175,2025-08-05 12:48:27.835629,38,,Master,Employed,15000.0,North,Tier-1,,7.0,6.3,131.5,10.0,71.0,121,0.6530901322434952
RESP_0176,2025-09-02 12:48:27.835629,44,Female,High School,Retired,87838.61483405333,West,Rural,9.6,7.0,0.7,,9.0,87.0,103,1.8141392562319312
RESP_0177,2025-08-06 12:48:27.835629,35,Female,Bachelor,Self-Employed,41184.06750196511,South,Metro,,3.0,3.0,559.67,8.0,84.5,208,0.580524561994218
RESP_0178,2025-09-24 12:48:27.835629,52,Female,Master,Employed,36496.40656672864,East,Metro,4.1,11.0,0.3,236.74,10.0,85.6,137,0.580524561994218
RESP_0179,2025-09-22 12:48:27.835629,31,Female,Bachelor,Employed,49949.07664330426,South,Tier-2,5.0,7.0,6.4,,10.0,58.7,100,0.7256557024927724
RESP_0180,2025-07-17 12:48:27.835629,67,Female,High School,Employed,18718.76987683761,West,Tier-2,6.4,6.0,0.2,478.9,8.0,81.7,117,0.9433524132406043
RESP_0181,2025-10-01 12:48:27.835629,42,Male,Bachelor,Self-Employed,16303.746863288581,Central,Metro,10.0,11.0,2.4,202.25,7.0,76.5,205,0.8127343867919051
RESP_0182,2025-08-27 12:48:27.835629,24,Female,Master,Unemployed,28942.090842121175,Central,Tier-1,5.6,2.0,4.5,150.0,4.0,82.7,345,1.523876975234822
RESP_0183,2025-09-17 12:48:27.835629,22,Male,Bachelor,Retired,108497.10671772841,East,Tier-2,5.6,7.0,0.4,14.81,,82.9,222,1.0884835537391588
RESP_0184,2025-07-19 12:48:27.835629,166,Other,High School,Employed,15000.0,East,Tier-2,9.3,9.0,1.6,20999.949709747154,4.0,62.3,46,1.451311404985545
RESP_0185,2025-07-31 12:48:27.835629,32,Female,Bachelor,Employed,15000.0,West,Tier-2,7.3,8.0,0.1,,7.0,92.3,146,0.7256557024927724
RESP_0186,2025-09-01 12:48:27.835629,43,Female,Bachelor,Employed,23929.783330207836,West,Tier-1,8.6,12.0,3.4,191.27,10.0,87.2,92,0.7256557024927724
RESP_0187,2025-08-25 12:48:27.835629,40,Male,Bachelor,Self-Employed,90595.51006197053,North,Metro,5.9,6.0,1.1,27.01,7.0,82.7,261,0.5224721057947963
RESP_0188,2025-08-16 12:48:27.835629,34,Female,Master,Self-Employed,15000.0,West,Tier-1,6.8,,2.5,190.86,4.0,53.8,164,0.7256557024927724
RESP_0189,2025-07-24 12:48:27.835629,24,Female,High School,Self-Employed,15000.0,East,Metro,9.0,11.0,,90.27,8.0,80.3,105,0.8707868429913271
RESP_0190,2025-08-16 12:48:27.835629,18,Male,Master,Self-Employed,44839.17115265605,North,Rural,6.8,12.0,1.1,74.94,8.0,,188,2.449087995913107
RESP_0191,2025-09-27 12:48:27.835629,29,Male,High School,Employed,283771.78733237647,South,Tier-1,8.7,4.0,0.1,101.61,5.0,85.1,171,0.7256557024927724
RESP_0192,2025-07-27 12:48:27.835629,45,Female,Bachelor,Unemployed,15000.0,South,Tier-1,7.6,14.0,3.4,90.97,5.0,77.9,75,0.7256557024927724
RESP_0193,2025-07-27 12:48:27.835629,37,Male,High School,Employed,15000.0,East,Tier-3,5.4,4.0,4.6,426.29,10.0,89.2,94,0.7256557024927724
RESP_0194,2025-09-17 12:48:27.835629,20,Female,Bachelor,Self-Employed,,South,Tier-1,7.0,12.0,9.5,496.61,6.0,54.5,252,1.0884835537391588
RESP_0195,2025-07-25 12:48:27.835629,37,Male,Bachelor,Employed,95200.41233260924,North,Tier-1,8.5,5.0,0.5,264.22,9.0,89.7,267,0.6530901322434952
RESP_0196,2025-09-23 12:48:27.835629,39,Male,Bachelor,Employed,22042.353267494935,North,Tier-3,8.0,6.0,1.5,707.28,7.0,80.6,236,0.6530901322434952
RESP_0197,2025-08-02 12:48:27.835629,24,Female,High School,Student,,East,Tier-3,6.9,,5.6,183.1,7.0,67.6,92,1.0884835537391588
RESP_0198,2025-08-02 12:48:27.835629,36,Male,Bachelor,Student,51379.74854921778,West,Tier-2,4.2,9.0,4.9,114.3,6.0,76.5,98,0.7256557024927724
RESP_0199,2025-10-09 12:48:27.835629,35,Female,High School,Student,59389.523505991994,South,Metro,4.3,10.0,2.9,227.02,9.0,68.0,147,0.580524561994218
RESP_0200,2025-09-15 12:48:27.835629,21,Male,Master,Employed,150681.5730207127,North,Tier-2,4.6,9.0,0.9,103.51,10.0,69.3,187,0.9796351983652429
RESP_0201,2025-09-25 12:48:27.835629,39,Male,PhD,Unemployed,61424.108881436434,North,Tier-3,6.2,8.0,,245.26,6.0,56.9,279,0.6530901322434952
RESP_0202,2025-08-07 12:48:27.835629,41,Female,High School,Employed,70435.51300839352,Central,Metro,6.4,11.0,0.4,369.24,3.0,80.6,247,0.8127343867919051
RESP_0203,2025-08-19 12:48:27.835629,47,Female,Bachelor,Student,29445.132194419362,East,Metro,4.8,,7.6,101.77,,55.9,177,0.580524561994218
RESP_0204,2025-09-22 12:48:27.835629,47,Female,Bachelor,Employed,256069.32145408966,East,Tier-3,8.5,10.0,0.6,616.67,9.0,86.6,252,0.7256557024927724
RESP_0205,2025-10-02 12:48:27.835629,18,Female,High School,Retired,,North,Metro,5.1,7.0,2.6,863.56,7.0,,144,0.7837081586921943
RESP_0206,2025-09-09 12:48:27.835629,23,Female,Bachelor,Retired,22258.123072327955,West,Tier-3,4.9,16.0,2.6,762.71,4.0,82.0,266,1.0884835537391588
RESP_0207,2025-08-13 12:48:27.835629,41,,Master,Unemployed,154447.87423713595,East,Tier-1,7.1,7.0,1.4,38.48,7.0,86.0,177,0.7256557024927724
RESP_0208,2025-09-24 12:48:27.835629,41,Male,Bachelor,Employed,15000.0,North,Tier-1,8.5,12.0,1.3,158.13,8.0,96.2,105,0.6530901322434952
RESP_0209,2025-10-13 12:48:27.835629,41,Female,High School,Employed,15000.0,North,Metro,10.0,,3.3,289.43,9.0,88.5,64,0.5224721057947963
RESP_0210,2025-08-11 12:48:27.835629,81,Female,Master,Student,39960.45182692966,South,Tier-3,7.9,7.0,1.5,65.68,8.0,53.9,254,0.9433524132406043
RESP_0211,2025-08-25 12:48:27.835629,41,Female,Bachelor,Employed,36265.08752865437,West,Tier-1,9.4,11.0,0.9,72.34,5.0,81.2,30,0.7256557024927724
RESP_0212,2025-09-06 12:48:27.835629,48,Male,Master,Student,30263.256980909213,Central,Tier-1,0.0,8.0,1.5,,4.0,81.4,200,1.0159179834898815
RESP_0213,2025-10-10 12:48:27.835629,46,Male,Bachelor,Employed,80430.1034168967,West,Tier-2,10.0,11.0,4.9,243.82,7.0,90.0,103,0.7256557024927724
RESP_0214,2025-10-08 12:48:27.835629,42,,Bachelor,Employed,17560.986671088198,West,Tier-2,4.2,6.0,10.2,303.79,3.0,53.9,96,0.7256557024927724
RESP_0215,2025-09-02 12:48:27.835629,31,Female,High School,Student,38228.38954965013,North,Rural,6.2,9.0,3.0,481.12,9.0,51.4,161,1.6327253306087381
RESP_0216,2025-09-11 12:48:27.835629,44,Female,,Self-Employed,27225.66130568521,East,Tier-1,7.8,7.0,4.6,338.6,7.0,85.1,159,0.7256557024927724
RESP_0217,2025-09-21 12:48:27.835629,25,Female,PhD,Self-Employed,17801.27209814655,West,Tier-1,4.6,5.0,,378.83,7.0,67.7,281,1.0884835537391588
RESP_0218,2025-09-12 12:48:27.835629,32,Female,,Self-Employed,34562.61663366055,North,Rural,5.6,8.0,2.9,46.43,8.0,69.6,193,1.6327253306087381
RESP_0219,2025-08-01 12:48:27.835629,29,Male,PhD,Employed,71831.37538292202,Central,Tier-2,5.4,4.0,13.3,281.53,9.0,90.1,132,1.0159179834898815
RESP_0220,2025-08-17 12:48:27.835629,35,Male,Bachelor,Unemployed,198085.59145462085,North,Metro,6.5,4.0,1.7,221.98,8.0,98.3,314,0.5224721057947963
RESP_0221,2025-08-14 12:48:27.835629,62,Male,High School,Employed,57730.16962624125,South,Metro,9.1,4.0,0.2,136.46,9.0,78.8,95,0.7546819305924835
RESP_0222,2025-07-25 12:48:27.835629,18,Male,High School,Retired,15000.0,West,Tier-3,7.0,12.0,9.4,175.22,8.0,64.0,61,1.0884835537391588
RESP_0223,2025-08-29 12:48:27.835629,43,Female,High School,Student,35224.17556428899,West,Tier-1,6.3,6.0,4.7,305.15,9.0,97.2,57,0.7256557024927724
RESP_0224,2025-07-19 12:48:27.835629,18,Male,Master,Employed,,West,Tier-2,2.7,9.0,1.5,12134.29943736751,9.0,93.9,169,1.0884835537391588
RESP_0225,2025-09-30 12:48:27.835629,29,Female,Bachelor,Unemployed,76800.55976100535,North,Tier-1,7.7,8.0,12.1,792.73,5.0,84.1,110,0.6530901322434952
RESP_0226,2025-09-25 12:48:27.835629,48,Male,Bachelor,Self-Employed,42101.903902776656,West,Metro,8.2,4.0,1.3,317.92,,67.2,178,0.580524561994218
RESP_0227,2025-08-15 12:48:27.835629,35,Male,High School,Employed,98960.01254568365,East,Tier-2,4.4,10.0,1.4,423.57,10.0,85.1,74,0.7256557024927724
RESP_0228,2025-09-30 12:48:27.835629,22,Male,,Retired,49678.94559714911,East,Metro,6.9,13.0,2.8,413.45,10.0,91.0,119,0.8707868429913271
RESP_0229,2025-08-14 12:48:27.835629,26,Male,Bachelor,Employed,126378.72802593293,Central,,7.3,7.0,,500.52,9.0,79.2,229,1.0159179834898815
RESP_0230,2025-07-17 12:48:27.835629,43,Female,High School,Employed,25565.607340788447,West,Tier-1,8.4,6.0,3.6,89.63,9.0,92.7,263,0.7256557024927724
RESP_0231,2025-07-26 12:48:27.835629,26,Male,Master,Employed,,North,Tier-1,5.9,11.0,0.5,248.96,6.0,81.0,295,0.6530901322434952
RESP_0232,2025-10-15 12:48:27.835629,37,Female,Bachelor,Employed,70355.28811061596,West,Tier-2,5.7,6.0,0.3,107.18,8.0,67.1,87,0.7256557024927724
RESP_0233,2025-10-05 12:48:27.835629,35,Male,Bachelor,Self-Employed,22976.90232928974,North,Tier-3,6.3,8.0,2.3,,10.0,80.3,248,0.6530901322434952
RESP_0234,2025-07-24 12:48:27.835629,27,Male,Bachelor,Unemployed,19302.497261982408,North,Tier-3,8.9,6.0,2.4,,9.0,81.6,154,0.6530901322434952
RESP_0235,2025-08-15 12:48:27.835629,60,Male,Bachelor,Self-Employed,21949.91004353834,South,Metro,8.6,13.0,0.3,328.6,6.0,50.2,132,0.7546819305924835
RESP_0236,2025-07-25 12:48:27.835629,42,Female,Below High School,,19942.88079657084,Central,,7.0,7.0,10.0,315.55,6.0,62.8,213,1.0159179834898815
RESP_0237,2025-07-21 12:48:27.835629,18,Female,Bachelor,Employed,55163.10034350941,North,Tier-1,8.5,5.0,2.6,148.59,7.0,84.2,259,0.9796351983652429
RESP_0238,2025-08-28 12:48:27.835629,37,Male,High School,Employed,15000.0,West,Rural,3.4,8.0,0.5,254.51,7.0,84.5,71,1.8141392562319312
RESP_0239,2025-07-26 12:48:27.835629,27,Male,Bachelor,Employed,15000.0,North,Tier-3,8.2,5.0,1.1,190.56,7.0,96.4,149,0.6530901322434952
RESP_0240,2025-09-20 12:48:27.835629,45,Female,High School,Employed,161167.13222601343,West,Tier-3,5.3,12.0,4.8,315.11,8.0,80.4,100,0.7256557024927724
RESP_0241,2025-08-16 12:48:27.835629,25,Male,High School,Self-Employed,20331.417387849913,East,Tier-1,9.7,11.0,2.2,490.47,,79.1,225,1.0884835537391588
RESP_0242,2025-08-21 12:48:27.835629,33,Male,PhD,Employed,,West,Tier-1,5.4,11.0,0.6,102.12,9.0,75.0,6987,0.7256557024927724
RESP_0243,2025-10-10 12:48:27.835629,41,Female,Master,Employed,15000.0,North,Tier-1,5.7,8.0,0.3,,9.0,72.6,216,0.6530901322434952
RESP_0244,2025-09-17 12:48:27.835629,45,Female,Below High School,Employed,39155.62676091737,West,Metro,,5.0,1.7,,9.0,92.9,205,0.580524561994218
RESP_0245,2025-08-13 12:48:27.835629,20,Male,Bachelor,Retired,20430.714613920598,Central,Metro,8.0,9.0,1.2,51.35,9.0,79.9,111,1.2191015801878575
RESP_0246,2025-09-24 12:48:27.835629,30,Female,Bachelor,Retired,15000.0,West,Rural,6.3,12.0,3.2,450.56,8.0,88.8,56,1.8141392562319312
RESP_0247,2025-08-02 12:48:27.835629,29,Female,High School,Self-Employed,,East,Metro,7.6,,7.8,25.31,9.0,78.5,183,0.580524561994218
RESP_0248,2025-09-28 12:48:27.835629,27,Male,High School,Retired,93531.40878005564,Central,Metro,7.7,4.0,0.9,89.3,8.0,91.2,193,0.8127343867919051
RESP_0249,2025-09-28 12:48:27.835629,56,Female,Master,Unemployed,33326.76701772141,North,Metro,7.6,243.0,5.8,225.9,10.0,75.9,185,0.6792137375332352
RESP_0250,2025-09-15 12:48:27.835629,39,Female,Bachelor,Self-Employed,80784.08248403085,West,Rural,6.4,11.0,7.6,186.2,5.0,91.1,345,1.8141392562319312
RESP_0251,2025-08-17 12:48:27.835629,19,Male,Master,Employed,166480.61416486694,Central,Tier-2,7.8,9.0,7.0,168.96,10.0,78.4,246,1.523876975234822
RESP_0252,2025-09-15 12:48:27.835629,46,Male,Bachelor,Unemployed,66387.27971308527,North,Tier-2,9.1,10.0,9.1,748.84,6.0,73.8,178,0.6530901322434952
RESP_0253,2025-09-07 12:48:27.835629,60,Male,High School,Unemployed,53302.78134406674,East,Rural,5.2,5.0,5.5,78.86,3.0,75.9,163,2.3583810331015105
RESP_0254,2025-08-10 12:48:27.835629,47,Female,Bachelor,Self-Employed,42580.843890276585,North,Tier-1,5.7,4.0,2.7,333.96,7.0,84.5,314,0.6530901322434952
RESP_0255,2025-07-29 12:48:27.835629,18,,Bachelor,Unemployed,61059.12230535398,East,Tier-2,7.0,5.0,1.6,767.96,8.0,92.0,195,1.0884835537391588
RESP_0256,2025-07-29 12:48:27.835629,29,Female,High School,Employed,,,Metro,5.4,8.0,2.0,10626.749213534526,,84.8,130,0.580524561994218
RESP_0257,2025-10-09 12:48:27.835629,50,Female,Master,Unemployed,29105.758048578176,South,Metro,4.3,12.0,6.2,306.99,8.0,98.2,246,0.580524561994218
RESP_0258,2025-09-10 12:48:27.835629,26,Male,Bachelor,Retired,52089.209771043155,East,Tier-3,8.6,,1.1,280.3,9.0,87.7,96,0.7256557024927724
RESP_0259,2025-08-31 12:48:27.835629,40,Female,High School,Employed,24857.33362976039,South,Tier-3,3.7,16.0,0.5,167.37,6.0,72.2,59,0.7256557024927724
RESP_0260,2025-09-09 12:48:27.835629,44,Male,Bachelor,Unemployed,27101.931076518194,South,Tier-1,6.4,5.0,0.5,157.52,8.0,88.2,198,0.7256557024927724
RESP_0261,2025-09-07 12:48:27.835629,23,Female,Below High School,Employed,36320.926135224356,North,Tier-1,8.1,7.0,5.3,64.73,6.0,72.5,138,0.9796351983652429
RESP_0262,2025-09-14 12:48:27.835629,34,Female,High School,Self-Employed,91170.4436247726,Central,Tier-1,7.4,10.0,4.3,470.87,8.0,80.9,99,1.0159179834898815
RESP_0263,2025-07-23 12:48:27.835629,18,Male,Master,Unemployed,15000.0,North,Metro,6.4,7.0,2.1,71.45,8.0,55.6,80,0.7837081586921943
RESP_0264,2025-10-11 12:48:27.835629,22,Male,High School,Employed,66658.83014742845,Central,Metro,5.4,10.0,1.0,222.07,7.0,79.4,81,1.2191015801878575
RESP_0265,2025-10-08 12:48:27.835629,31,Male,Master,Self-Employed,68421.1406879875,East,Metro,7.5,6.0,3.4,181.94,10.0,92.6,217,0.580524561994218
RESP_0266,2025-10-07 12:48:27.835629,20,Male,Bachelor,Employed,68094.35578583207,South,Metro,5.5,8.0,0.1,270.44,8.0,89.9,60,0.8707868429913271
RESP_0267,2025-07-29 12:48:27.835629,54,Male,High School,Self-Employed,19045.81927485699,West,Tier-3,7.4,10.0,2.5,366.95,9.0,94.4,235,0.7256557024927724
RESP_0268,2025-07-24 12:48:27.835629,18,Male,High School,Employed,15000.0,East,Metro,7.2,5.0,1.5,163.15,9.0,80.7,148,0.8707868429913271
RESP_0269,2025-09-06 12:48:27.835629,29,Prefer not to say,Master,,56826.63256071794,East,Metro,7.2,6.0,11.4,88.86,9.0,94.1,84,1.161049123988436
RESP_0270,2025-08-29 12:48:27.835629,36,Male,Bachelor,Employed,42193.903701182586,North,Tier-1,6.0,10.0,2.1,131.49,5.0,96.9,376,0.6530901322434952
RESP_0271,2025-07-30 12:48:27.835629,52,Male,Bachelor,Self-Employed,81105.11495233036,South,Tier-3,10.0,3.0,2.4,105.41,,72.1,120,0.7256557024927724
RESP_0272,2025-08-17 12:48:27.835629,18,Female,High School,Employed,,South,Metro,7.5,1.0,3.7,781.39,7.0,75.2,145,0.8707868429913271
RESP_0273,2025-08-10 12:48:27.835629,48,Male,Master,Student,66708.9696921214,North,Metro,6.6,5.0,2.0,561.68,9.0,74.5,302,0.5224721057947963
RESP_0274,2025-08-10 12:48:27.835629,35,Other,Bachelor,Retired,84417.47338427416,South,Tier-1,7.4,14.0,0.8,62.74,5.0,84.3,110,1.451311404985545
RESP_0275,2025-09-23 12:48:27.835629,23,Female,Master,Retired,,North,Tier-2,5.8,8.0,2.3,183.81,10.0,92.5,217,0.9796351983652429
RESP_0276,2025-09-12 12:48:27.835629,40,Female,High School,Unemployed,50693.0248206096,South,Tier-2,6.4,7.0,8.7,101.31,4.0,64.5,415,0.7256557024927724
RESP_0277,2025-08-03 12:48:27.835629,37,Male,Bachelor,Unemployed,,North,Tier-3,10.0,7.0,1.6,134.0,5.0,65.4,267,0.6530901322434952
RESP_0278,2025-09-09 12:48:27.835629,27,Male,Bachelor,Employed,18822.803704466452,North,Rural,5.8,11.0,3.4,149.72,5.0,85.5,30,1.6327253306087381
RESP_0279,2025-08-09 12:48:27.835629,35,Male,Bachelor,Employed,55541.02866402732,North,,,8.0,11.5,111.76,8.0,77.6,323,0.6530901322434952
RESP_0280,2025-08-21 12:48:27.835629,30,Female,Bachelor,Employed,132985.93805717953,Central,Tier-2,6.3,2.0,5.3,442.1,10.0,75.2,80,1.0159179834898815
RESP_0281,2025-09-14 12:48:27.835629,36,Male,High School,Unemployed,36966.343688971305,North,Tier-1,5.4,14.0,3.2,300.08,6.0,84.2,336,0.6530901322434952
RESP_0282,2025-08-17 12:48:27.835629,42,,Bachelor,Student,,West,Metro,7.6,9.0,4.0,,8.0,86.3,174,0.580524561994218
RESP_0283,2025-07-26 12:48:27.835629,54,Prefer not to say,Bachelor,Employed,20956.80671131271,North,Rural,7.1,5.0,8.3,603.76,5.0,93.2,184,3.2654506612174763
RESP_0284,2025-09-11 12:48:27.835629,-4,Male,High School,Retired,15000.0,Central,Tier-1,8.4,11.0,9.6,421.12,8.0,89.0,292,1.0159179834898815
RESP_0285,2025-09-25 12:48:27.835629,60,Male,Bachelor,Self-Employed,101947.05646402601,North,Metro,8.2,7.0,10.4,,4.0,73.4,166,0.6792137375332352
RESP_0286,2025-07-29 12:48:27.835629,18,Male,,Self-Employed,66922.08003720366,Central,Tier-2,8.4,6.0,2.9,287.55,8.0,81.9,83,1.523876975234822
RESP_0287,2025-07-23 12:48:27.835629,33,Other,High School,Employed,24316.358269650413,West,Metro,5.6,9.0,1.5,469.73,8.0,,102,1.161049123988436
RESP_0288,2025-10-08 12:48:27.835629,42,,PhD,Employed,15000.0,North,Tier-2,8.0,9.0,0.4,448.87,8.0,88.7,68,0.6530901322434952
RESP_0289,2025-09-24 12:48:27.835629,38,Female,PhD,Self-Employed,18645.573170896925,Central,Tier-2,8.0,7.0,1.5,,4.0,98.1,167,1.0159179834898815
RESP_0290,2025-07-18 12:48:27.835629,27,Female,Bachelor,Self-Employed,,East,Tier-1,5.5,5.0,8.6,324.77,5.0,63.0,103,0.7256557024927724
RESP_0291,2025-07-28 12:48:27.835629,32,Male,High School,Employed,39637.30816960806,South,Tier-3,,6.0,6.6,253.77,8.0,50.3,127,0.7256557024927724
RESP_0292,2025-08-16 12:48:27.835629,29,Female,Master,Self-Employed,38584.55996632038,West,Metro,4.8,7.0,2.2,380.68,9.0,55.8,199,0.580524561994218
RESP_0293,2025-08-07 12:48:27.835629,27,Male,Bachelor,Student,106207.0298771145,Central,Tier-1,8.0,13.0,2.3,38.03,10.0,92.0,319,1.0159179834898815
RESP_0294,2025-09-07 12:48:27.835629,45,Male,High School,Student,20864.32650569399,East,Tier-1,8.0,7.0,1.1,,9.0,64.0,359,0.7256557024927724
RESP_0295,2025-09-17 12:48:27.835629,39,Female,Bachelor,Retired,15000.0,South,Tier-2,9.1,8.0,1.8,396.47,10.0,84.4,323,0.7256557024927724
RESP_0296,2025-09-16 12:48:27.835629,26,Female,Bachelor,Employed,15000.0,West,Tier-3,6.7,2.0,3.8,175.47,7.0,90.8,70,0.7256557024927724
RESP_0297,2025-08-13 12:48:27.835629,45,Female,Bachelor,Employed,35652.69847202594,West,Tier-1,7.7,8.0,1.5,707.89,6.0,85.0,209,0.7256557024927724
RESP_0298,2025-09-06 12:48:27.835629,38,Female,Bachelor,Unemployed,,Central,Tier-2,8.5,4.0,0.6,87.8,1.0,74.4,154,1.0159179834898815
RESP_0299,2025-07-24 12:48:27.835629,44,Male,Bachelor,Employed,28750.0033742176,West,Metro,5.9,10.0,2.3,274.77,7.0,83.9,175,0.580524561994218
RESP_0300,2025-08-07 12:48:27.835629,42,Male,Master,Employed,25254.840915273133,South,Rural,5.6,,0.8,147.65,8.0,74.7,340,1.8141392562319312
RESP_0301,2025-09-03 12:48:27.835629,25,Male,Bachelor,Employed,80192.94023332851,Central,Tier-1,5.9,7.0,11.0,122.05,9.0,60.9,388,1.523876975234822
RESP_0302,2025-07-17 12:48:27.835629,28,Male,Bachelor,,22706.975575202814,North,Tier-2,6.5,11.0,1.5,220.36,6.0,95.5,314,0.6530901322434952
RESP_0303,2025-09-04 12:48:27.835629,43,Male,Master,Employed,26852.825802541294,South,Metro,5.7,10.0,7.2,42.06,8.0,,413,0.580524561994218
RESP_0304,2025-08-19 12:48:27.835629,42,Male,Bachelor,Employed,64461.7217210755,East,Metro,6.0,11.0,0.8,396.61,8.0,53.8,75,0.580524561994218
RESP_0305,2025-09-13 12:48:27.835629,34,Male,Bachelor,Employed,23109.85597675442,East,Tier-1,8.3,12.0,0.6,1076.21,8.0,,228,0.7256557024927724
RESP_0306,2025-08-22 12:48:27.835629,36,Male,Bachelor,Employed,50948.464436746544,North,Tier-3,6.9,7.0,2.9,84.72,6.0,92.0,188,0.6530901322434952
RESP_0307,2025-09-09 12:48:27.835629,50,Female,Bachelor,Self-Employed,47343.66078038602,West,Tier-1,7.5,7.0,4.5,597.35,9.0,68.7,121,0.7256557024927724
RESP_0308,2025-10-14 12:48:27.835629,27,Female,Master,Self-Employed,40676.77977688199,South,Rural,6.2,8.0,2.5,478.99,5.0,95.4,202,1.8141392562319312
RESP_0309,2025-09-26 12:48:27.835629,41,Male,Bachelor,Self-Employed,15000.0,South,Tier-1,6.1,10.0,0.8,,10.0,86.8,126,0.7256557024927724
RESP_0310,2025-10-09 12:48:27.835629,32,Female,Below High School,Employed,97131.34168743913,West,Tier-1,7.4,11.0,-1.097465342681767,79.51,10.0,99.2,239,0.7256557024927724
RESP_0311,2025-09-17 12:48:27.835629,32,Female,High School,Employed,214603.418194855,South,Metro,7.2,10.0,,270.98,7.0,92.0,84,0.580524561994218
RESP_0312,2025-08-05 12:48:27.835629,48,Male,High School,Self-Employed,36572.889124753914,North,Tier-3,8.2,9.0,0.4,,7.0,81.8,127,0.6530901322434952
RESP_0313,2025-08-10 12:48:27.835629,44,Female,Bachelor,Self-Employed,,North,Metro,9.0,3.0,1.3,507.03,,68.2,137,0.5224721057947963
RESP_0314,2025-08-23 12:48:27.835629,44,Female,High School,Employed,37170.9256697414,Central,Tier-3,6.0,7.0,3.4,226.52,7.0,82.2,113,1.0159179834898815
RESP_0315,2025-08-13 12:48:27.835629,50,Female,High School,Employed,80168.6734726023,North,Rural,8.3,3.0,0.3,246.56,1.0,96.4,250,1.6327253306087381
RESP_0316,2025-07-24 12:48:27.835629,35,Male,High School,Student,22200.050872848875,South,Rural,5.4,10.0,0.4,63.08,10.0,72.9,169,1.8141392562319312
RESP_0317,2025-09-29 12:48:27.835629,43,Female,High School,,32757.28479135832,East,Tier-1,10.0,7.0,0.2,600.81,7.0,86.1,38,0.7256557024927724
RESP_0318,2025-09-24 12:48:27.835629,31,Male,High School,Employed,47692.20799497998,East,Tier-2,5.8,6.0,,485.84,5.0,82.2,195,0.7256557024927724
RESP_0319,2025-07-24 12:48:27.835629,38,Female,PhD,Self-Employed,95076.61143681525,North,Tier-3,8.0,11.0,1.5,,8.0,67.8,110,0.6530901322434952
RESP_0320,2025-08-26 12:48:27.835629,33,Female,High School,Employed,67530.79442101617,East,Metro,5.4,7.0,7.1,233.24,5.0,83.6,115,0.580524561994218
RESP_0321,2025-07-24 12:48:27.835629,36,Female,Bachelor,Employed,69807.33544932213,South,Tier-2,14.91402386773076,12.0,1.0,596.39,5.0,72.1,284,0.7256557024927724
RESP_0322,2025-07-23 12:48:27.835629,42,Female,Master,Employed,25822.078342109417,Central,Metro,9.3,4.0,4.2,83.33,8.0,77.8,108,0.8127343867919051
RESP_0323,2025-09-29 12:48:27.835629,25,Female,Master,Unemployed,50087.92119731243,North,Tier-1,5.8,,0.7,286.88,7.0,67.5,330,0.9796351983652429
RESP_0324,2025-09-16 12:48:27.835629,60,Male,,Employed,20382.446389261386,South,Metro,10.0,8.0,2.1,795.83,8.0,61.4,128,0.7546819305924835
RESP_0325,2025-09-19 12:48:27.835629,22,Male,Master,Employed,71426.26086302567,South,Metro,7.0,4.0,5.2,81.95,10.0,90.3,84,0.8707868429913271
RESP_0326,2025-09-22 12:48:27.835629,20,Female,Bachelor,Employed,91215.09818444181,South,Tier-1,8.5,11.0,5.1,925.11,9.0,54.2,97,1.0884835537391588
RESP_0327,2025-08-06 12:48:27.835629,48,Male,Bachelor,Student,56539.27763659956,West,Tier-1,,7.0,4.7,462.17,0.0,92.3,237,0.7256557024927724
RESP_0328,2025-07-24 12:48:27.835629,44,Male,Bachelor,Employed,27067.026468490756,North,Tier-2,7.7,8.0,5.2,390.31,2.0,87.1,102,0.6530901322434952
RESP_0329,2025-09-20 12:48:27.835629,42,Male,Master,Retired,30853.895620935262,South,Metro,4.9,11.0,0.7,586.21,8.0,82.7,364,0.580524561994218
RESP_0330,2025-07-27 12:48:27.835629,42,Male,High School,Employed,154077.80306562132,West,Tier-1,6.3,3.0,2.0,512.94,,88.7,207,0.7256557024927724
RESP_0331,2025-08-09 12:48:27.835629,34,Female,Bachelor,Retired,27431.071446862283,East,Metro,8.8,10.0,2.0,54.92,10.0,83.3,156,0.580524561994218
RESP_0332,2025-07-25 12:48:27.835629,24,Female,Bachelor,Retired,84119.63863335416,South,Tier-2,6.5,11.0,6.6,52.84,8.0,63.2,185,1.0884835537391588
RESP_0333,2025-10-01 12:48:27.835629,35,Female,Master,Employed,47625.00791269514,North,Tier-2,7.2,3.0,1.1,152.8,5.0,86.3,172,0.6530901322434952
RESP_0334,2025-07-25 12:48:27.835629,26,Female,Below High School,Employed,27797.207395457146,North,Tier-2,4.7,10.0,8.0,,7.0,75.6,436,0.6530901322434952
RESP_0335,2025-10-11 12:48:27.835629,46,Male,High School,Employed,15000.0,North,Tier-2,6.2,9.0,1.8,534.13,9.0,83.9,120,0.6530901322434952
RESP_0336,2025-08-16 12:48:27.835629,33,Male,Below High School,Employed,43013.97339111242,North,Tier-1,8.7,447.0,3.3,197.28,10.0,71.3,4601,0.6530901322434952
RESP_0337,2025-09-06 12:48:27.835629,25,,High School,Unemployed,39061.03466834966,East,Tier-3,5.1,9.0,0.9,123.02,5.0,87.8,101,1.0884835537391588
RESP_0338,2025-08-01 12:48:27.835629,31,Male,High School,Employed,154080.07860170022,Central,Tier-1,8.1,7.0,1.6,442.78,8.0,73.5,277,1.0159179834898815
RESP_0339,2025-09-27 12:48:27.835629,39,Female,High School,,18248.640145553018,South,Tier-1,7.3,6.0,3.7,190.99,4.0,96.9,52,0.7256557024927724
RESP_0340,2025-08-17 12:48:27.835629,28,Female,High School,Employed,227706.97255089585,South,Tier-2,6.6,10.0,2.2,321.78,8.0,86.0,218,0.7256557024927724
RESP_0341,2025-09-29 12:48:27.835629,25,Male,Bachelor,Student,49170.46530731737,North,Metro,6.6,12.0,8.0,243.71,3.0,85.4,387,0.7837081586921943
RESP_0342,2025-10-01 12:48:27.835629,37,Female,High School,Employed,49131.879347616494,South,Tier-2,6.3,8.0,,129.28,10.0,93.7,128,0.7256557024927724
RESP_0343,2025-07-22 12:48:27.835629,37,Female,High School,Employed,22596.31892239941,North,Tier-2,6.4,9.0,2.5,134.75,8.0,66.5,152,0.6530901322434952
RESP_0344,2025-10-04 12:48:27.835629,28,Female,PhD,Employed,46712.405278816484,Central,Tier-1,8.4,11.0,6.5,82.07,9.0,,134,1.0159179834898815
RESP_0345,2025-07-27 12:48:27.835629,29,Male,Master,Student,53020.8622576745,West,Metro,6.4,9.0,3.3,550.47,10.0,83.1,289,0.580524561994218
RESP_0346,2025-09-08 12:48:27.835629,37,Male,Master,Self-Employed,76869.29826569965,Central,Metro,9.7,6.0,3.1,172.5,5.0,54.1,88,0.8127343867919051
RESP_0347,2025-10-09 12:48:27.835629,18,Female,Master,Employed,16603.058990873586,Central,Rural,7.4,8.0,0.8,,9.0,86.1,283,3.809692438087055
RESP_0348,2025-09-29 12:48:27.835629,18,Male,Bachelor,Employed,111907.13836565033,East,Tier-2,6.1,6.0,1.5,37.66,10.0,85.4,38,1.0884835537391588
RESP_0349,2025-09-27 12:48:27.835629,26,Male,High School,Employed,48490.94793630836,East,Metro,8.5,9.0,3.4,29.47,8.0,91.1,272,0.580524561994218
RESP_0350,2025-09-21 12:48:27.835629,32,Female,Bachelor,Employed,59076.18235014989,North,Tier-1,7.9,7.0,6.7,87.47,8.0,93.7,95,0.6530901322434952
RESP_0351,2025-08-26 12:48:27.835629,38,Male,Bachelor,Retired,30431.885133143915,East,Tier-2,4.5,7.0,1.1,318.3,7.0,71.7,76,0.7256557024927724
RESP_0352,2025-08-19 12:48:27.835629,52,Female,High School,Unemployed,17283.125319077164,Central,Tier-3,5.4,6.0,0.7,251.34,8.0,90.3,164,1.0159179834898815
RESP_0353,2025-08-12 12:48:27.835629,45,Female,Bachelor,Employed,2285590.1410126183,North,Metro,6.8,9.0,2.7,187.06,7.0,91.1,437,0.5224721057947963
RESP_0354,2025-10-10 12:48:27.835629,33,Female,,Student,42185.69408643447,,Metro,4.6,13.0,0.2,88.05,7.0,91.7,63,0.580524561994218
RESP_0355,2025-08-26 12:48:27.835629,34,Male,High School,Employed,15000.0,South,Tier-3,10.0,5.0,3.8,33.54,3.0,83.0,342,0.7256557024927724
RESP_0356,2025-08-16 12:48:27.835629,22,Female,Bachelor,Unemployed,68502.69209480131,,Metro,8.2,2.0,3.6,126.55,0.0,91.8,135,0.8707868429913271
RESP_0357,2025-08-19 12:48:27.835629,34,,Bachelor,Student,80597.24180417201,Central,Metro,7.0,5.0,1.3,189.36,2.0,71.9,167,0.8127343867919051
RESP_0358,2025-09-05 12:48:27.835629,31,Male,Bachelor,Employed,20257.25542474241,West,Rural,,6.0,6.7,403.15,5.0,77.4,107,1.8141392562319312
RESP_0359,2025-08-02 12:48:27.835629,38,Female,Bachelor,Unemployed,16025.423674445658,West,Tier-2,,9.0,2.1,56.93,7.0,94.7,246,0.7256557024927724
RESP_0360,2025-10-10 12:48:27.835629,25,Male,High School,Employed,,East,Metro,4.1,11.0,3.1,177.05,1.0,95.3,55,0.8707868429913271
RESP_0361,2025-10-07 12:48:27.835629,41,,High School,Employed,37016.39040989241,West,Metro,4.4,9.0,0.7,84.4,4.0,79.7,122,0.580524561994218
RESP_0362,2025-08-24 12:48:27.835629,53,Female,Master,Employed,29397.44932963548,Central,Metro,9.9,5.0,1.6,148.72,9.0,76.3,166,0.8127343867919051
RESP_0363,2025-09-13 12:48:27.835629,33,Male,Bachelor,Employed,34588.12637451204,West,Metro,9.4,10.0,6.0,891.61,9.0,89.6,262,0.580524561994218
RESP_0364,2025-08-26 12:48:27.835629,39,Male,High School,Unemployed,43355.20993970255,West,Tier-3,6.1,5.0,0.7,104.79,9.0,97.9,143,0.7256557024927724
RESP_0365,2025-07-26 12:48:27.835629,43,Female,Master,Retired,15000.0,West,Tier-1,8.4,14.0,1.5,87.22,10.0,70.8,174,0.7256557024927724
RESP_0366,2025-07-18 12:48:27.835629,30,,High School,Self-Employed,15000.0,West,Tier-2,7.8,5.0,1.1,1278.58,4.0,87.2,65,0.7256557024927724
RESP_0367,2025-09-13 12:48:27.835629,37,Female,Bachelor,Student,15000.0,East,Rural,7.9,8.0,0.5,368.45,5.0,87.1,149,1.8141392562319312
RESP_0368,2025-10-04 12:48:27.835629,35,Male,High School,Student,77190.84823158979,West,Tier-1,4.9,6.0,1.0,349.34,6.0,77.8,405,0.7256557024927724
RESP_0369,2025-09-27 12:48:27.835629,36,Male,Bachelor,Employed,36760.589636023484,East,Metro,4.3,13.0,0.8,109.51,10.0,81.1,320,0.580524561994218
RESP_0370,2025-07-29 12:48:27.835629,25,Male,Bachelor,Employed,83975.54505759865,North,Tier-1,8.8,8.0,7.7,880.09,9.0,65.6,215,0.9796351983652429
RESP_0371,2025-07-26 12:48:27.835629,35,Male,High School,Employed,15000.0,South,Rural,4.0,6.0,4.1,61.1,,76.8,232,1.8141392562319312
RESP_0372,2025-09-23 12:48:27.835629,40,Female,Master,Self-Employed,37031.56261449893,East,Tier-3,6.8,7.0,1.1,509.26,3.0,91.0,326,0.7256557024927724
RESP_0373,2025-08-13 12:48:27.835629,52,Male,Bachelor,Retired,43125.13155558427,North,Metro,6.4,5.0,4.3,,8.0,85.4,86,0.5224721057947963
RESP_0374,2025-09-19 12:48:27.835629,46,,High School,Employed,23169.08217823975,North,Tier-2,6.3,11.0,0.1,644.0,6.0,70.9,15,0.6530901322434952
RESP_0375,2025-08-19 12:48:27.835629,60,Female,,Unemployed,15000.0,East,Tier-2,7.5,11.0,,695.28,8.0,,394,0.9433524132406043
RESP_0376,2025-08-02 12:48:27.835629,25,Female,High School,Self-Employed,146781.0161334327,North,Rural,6.0,9.0,0.9,21747.09262275979,10.0,86.5,129,2.449087995913107
RESP_0377,2025-08-30 12:48:27.835629,45,Female,High School,Self-Employed,111237.92702499912,South,Metro,7.6,5.0,0.4,301.9,8.0,65.4,158,0.580524561994218
RESP_0378,2025-07-25 12:48:27.835629,37,Male,Bachelor,Employed,26754.398872050115,West,Tier-1,7.2,11.0,6.5,251.65,10.0,85.8,204,0.7256557024927724
RESP_0379,2025-08-17 12:48:27.835629,61,Male,Master,Employed,54621.45952641841,Central,Tier-3,10.0,6.0,0.7,94.97,7.0,79.3,214,1.3206933785368458
RESP_0380,2025-09-02 12:48:27.835629,25,Male,Bachelor,Employed,24641.01127757154,West,Tier-1,4.9,10.0,5.2,186.14,8.0,81.0,112,1.0884835537391588
RESP_0381,2025-08-22 12:48:27.835629,24,Male,High School,Employed,16377.719410414198,Central,Tier-1,7.0,4.0,1.6,558.79,10.0,58.3,50,1.523876975234822
RESP_0382,2025-08-06 12:48:27.835629,27,Female,High School,Employed,156656.25164797634,West,Metro,7.6,7.0,0.0,65.35,8.0,48.7,149,0.580524561994218
RESP_0383,2025-09-11 12:48:27.835629,18,,High School,Self-Employed,15000.0,South,Metro,6.6,11.0,4.0,433.92,8.0,74.4,136,0.8707868429913271
RESP_0384,2025-09-24 12:48:27.835629,28,Female,Bachelor,Employed,28900.004864523115,West,Tier-1,5.0,10.0,2.7,448.54,9.0,,180,0.7256557024927724
RESP_0385,2025-10-15 12:48:27.835629,25,Female,Master,Student,38849.83317838023,West,Rural,8.9,7.0,1.3,260.27,10.0,79.7,112,2.721208884347897
RESP_0386,2025-08-24 12:48:27.835629,36,Male,High School,Employed,136078.78016802954,South,Metro,,,1.0,466.19,3.0,81.0,104,0.580524561994218
RESP_0387,2025-10-03 12:48:27.835629,39,Female,Bachelor,Self-Employed,74404.44200363001,North,Tier-1,5.1,8.0,0.2,97.71,6.0,79.4,108,0.6530901322434952
RESP_0388,2025-10-08 12:48:27.835629,57,Male,Master,Employed,15000.0,West,Tier-2,7.7,3.0,8.5,82.7,7.0,83.6,230,0.9433524132406043
RESP_0389,2025-09-22 12:48:27.835629,46,Female,Bachelor,Self-Employed,36235.68940023481,North,Metro,9.6,7.0,2.0,170.38,10.0,88.4,233,0.5224721057947963
RESP_0390,2025-07-18 12:48:27.835629,28,Female,Master,Retired,,West,Tier-1,6.9,6.0,0.3,310.04,10.0,80.5,175,0.7256557024927724
RESP_0391,2025-10-10 12:48:27.835629,24,,Bachelor,Employed,30252.355607831512,North,Tier-2,7.0,8.0,6.1,836.96,4.0,86.9,152,0.9796351983652429
RESP_0392,2025-09-25 12:48:27.835629,40,Male,,Employed,59626.01708200286,East,Tier-3,9.4,9.0,1.0,259.41,,81.9,237,0.7256557024927724
RESP_0393,2025-08-24 12:48:27.835629,19,Other,Bachelor,Unemployed,15000.0,East,Tier-2,5.5,10.0,0.7,172.07,10.0,69.5,124,2.1769671074783177
RESP_0394,2025-10-09 12:48:27.835629,56,Male,Bachelor,Employed,26188.90875009566,North,Tier-2,9.6,12.0,1.0,544.41,6.0,83.4,371,0.8490171719165439
RESP_0395,2025-07-30 12:48:27.835629,49,Male,High School,Employed,53266.07940086947,South,Metro,8.5,10.0,2.5,70.24,6.0,90.6,66,0.580524561994218
RESP_0396,2025-08-03 12:48:27.835629,29,Male,High School,Employed,62546.18658245158,West,Rural,5.6,7.0,0.2,56.88,1.0,84.0,254,1.8141392562319312
RESP_0397,2025-08-19 12:48:27.835629,18,Female,High School,Employed,40926.603332452585,West,Metro,6.0,7.0,,847.75,6.0,73.5,181,0.8707868429913271
RESP_0398,2025-07-31 12:48:27.835629,51,Female,Bachelor,Self-Employed,28833.299757164015,Central,Tier-3,6.2,13.0,6.8,123.74,9.0,65.1,87,1.0159179834898815
RESP_0399,2025-07-30 12:48:27.835629,33,Female,High School,Employed,32992.877410223235,East,Metro,4.2,8.0,0.6,654.08,7.0,62.7,37,0.580524561994218
RESP_0400,2025-09-25 12:48:27.835629,49,Male,Master,Student,65665.28629231044,West,Rural,7.4,13.0,1.2,600.7,8.0,80.3,261,1.8141392562319312
RESP_0401,2025-08-05 12:48:27.835629,18,Female,Bachelor,Unemployed,37313.87898971599,South,Tier-2,5.7,5.0,1.5,,10.0,95.7,77,1.0884835537391588
RESP_0402,2025-08-20 12:48:27.835629,27,Male,Bachelor,Self-Employed,15780.368771037829,South,Tier-3,7.4,7.0,2.6,542.82,4.0,46.8,307,0.7256557024927724
RESP_0403,2025-08-22 12:48:27.835629,35,Female,High School,Self-Employed,15000.0,North,Metro,5.1,9.0,7.5,529.45,3.0,82.8,99,0.5224721057947963
RESP_0404,2025-10-02 12:48:27.835629,35,Female,Master,Student,15000.0,East,Tier-1,8.4,3.0,1.5,22.52,9.0,89.1,172,0.7256557024927724
RESP_0405,2025-08-12 12:48:27.835629,29,Male,Master,Employed,116362.3903128888,South,Tier-2,8.1,,0.2,317.81,9.0,85.0,158,0.7256557024927724
RESP_0406,2025-08-29 12:48:27.835629,42,Male,Bachelor,Student,69284.01317780312,North,Tier-3,5.9,5.0,1.3,,6.0,88.2,159,0.6530901322434952
RESP_0407,2025-08-12 12:48:27.835629,22,Male,,Unemployed,33349.88801461627,West,Metro,7.5,6.0,0.6,153.15,,97.6,119,0.8707868429913271
RESP_0408,2025-10-12 12:48:27.835629,33,Male,Bachelor,Unemployed,25259.712440893767,West,Rural,7.1,8.0,3.2,190.23,6.0,62.4,182,1.8141392562319312
RESP_0409,2025-10-06 12:48:27.835629,36,Male,High School,Self-Employed,22945.015299666386,South,Tier-3,9.2,4.0,0.1,225.35,8.0,93.9,151,0.7256557024927724
RESP_0410,2025-08-19 12:48:27.835629,41,Female,High School,Employed,,North,Metro,,5.0,1.0,194.23,,71.3,113,0.5224721057947963
RESP_0411,2025-09-19 12:48:27.835629,43,Female,Master,Employed,166632.62311129348,East,Tier-3,6.8,15.0,2.4,,7.0,59.7,161,0.7256557024927724
RESP_0412,2025-09-17 12:48:27.835629,21,Male,Bachelor,Unemployed,22374.689386027192,East,Tier-1,6.0,4.0,1.0,195.55,4.0,,318,1.0884835537391588
RESP_0413,2025-08-18 12:48:27.835629,-3,Male,Bachelor,Employed,90285.52400433765,West,Tier-1,7.1,5.0,2.4,1246.6,9.0,95.7,101,0.7256557024927724
RESP_0414,2025-07-23 12:48:27.835629,50,Male,Master,Unemployed,37138.532901685874,,Tier-1,7.8,14.0,0.4,138.26,7.0,84.4,162,0.7256557024927724
RESP_0415,2025-07-28 12:48:27.835629,38,Female,Bachelor,Employed,30639.85391548017,West,Tier-2,6.0,5.0,8.6,173.02,8.0,69.9,313,0.7256557024927724
RESP_0416,2025-10-06 12:48:27.835629,26,Male,Bachelor,Employed,120978.89964387906,Central,Tier-2,6.5,12.0,1.0,211.02,1.0,74.0,228,1.0159179834898815
RESP_0417,2025-09-09 12:48:27.835629,53,Female,High School,Employed,36021.36175016356,,Tier-1,8.4,13.0,7.7,122.04,2.0,81.2,152,0.7256557024927724
RESP_0418,2025-08-21 12:48:27.835629,36,Female,PhD,Employed,46031.97540107559,Central,Tier-2,9.0,5.0,1.2,210.1,8.0,81.0,192,1.0159179834898815
RESP_0419,2025-07-22 12:48:27.835629,49,Female,High School,Employed,44294.648453375616,South,Tier-2,7.7,6.0,4.6,149.46,9.0,80.3,50,0.7256557024927724
RESP_0420,2025-07-17 12:48:27.835629,35,Female,PhD,Employed,15000.0,South,Tier-2,6.8,8.0,0.8,435.77,9.0,79.1,127,0.7256557024927724
RESP_0421,2025-08-28 12:48:27.835629,59,Male,Master,Retired,45740.020646861216,East,Metro,6.7,8.0,3.3,168.19,9.0,74.3,50,0.7546819305924835
RESP_0422,2025-08-02 12:48:27.835629,56,,High School,Self-Employed,23152.22993700208,North,Tier-3,7.8,6.0,1.2,107.97,3.0,72.6,76,0.8490171719165439
RESP_0423,2025-10-06 12:48:27.835629,32,Male,Bachelor,Employed,15000.0,North,Tier-1,,3.0,2.1,184.64,9.0,58.7,163,0.6530901322434952
RESP_0424,2025-08-19 12:48:27.835629,46,Male,Master,Self-Employed,,South,Metro,4.5,10.0,3.4,238.74,5.0,84.0,144,0.580524561994218
RESP_0425,2025-08-06 12:48:27.835629,42,Female,Bachelor,Student,23853.563646390798,West,,7.9,6.0,2.7,,3.0,54.9,171,0.7256557024927724
RESP_0426,2025-09-11 12:48:27.835629,51,Female,Master,Unemployed,,Central,Tier-1,5.7,7.0,2.6,1279.19,9.0,91.9,111,1.0159179834898815
RESP_0427,2025-09-25 12:48:27.835629,23,Female,PhD,Employed,15505.782643679251,West,Tier-3,4.9,4.0,0.2,357.73,10.0,77.7,117,1.0884835537391588
RESP_0428,2025-10-15 12:48:27.835629,43,Male,Bachelor,Student,19305.05096646921,North,Tier-1,4.5,7.0,0.9,78.76,9.0,70.2,255,0.6530901322434952
RESP_0429,2025-09-09 12:48:27.835629,47,Male,Bachelor,Unemployed,43840.38083169004,West,Tier-2,6.7,10.0,2.5,399.65,9.0,90.7,155,0.7256557024927724
RESP_0430,2025-09-26 12:48:27.835629,18,Female,PhD,Employed,15000.0,West,Metro,5.5,4.0,0.1,310.2,10.0,72.7,533,0.8707868429913271
RESP_0431,2025-07-18 12:48:27.835629,20,Male,Bachelor,Employed,21435.304687444815,West,Tier-1,3.5,10.0,0.9,367.36,4.0,74.4,150,1.0884835537391588
RESP_0432,2025-07-31 12:48:27.835629,18,Female,High School,Self-Employed,15000.0,West,Rural,6.5,7.0,0.8,397.67,10.0,94.3,99,2.721208884347897
RESP_0433,2025-07-26 12:48:27.835629,31,Female,High School,Employed,75811.79512275352,Central,Tier-3,6.3,11.0,0.9,634.48,8.0,87.3,87,1.0159179834898815
RESP_0434,2025-10-13 12:48:27.835629,43,Female,Bachelor,,28535.651195449755,South,Metro,6.8,9.0,2.3,222.79,9.0,73.8,234,0.580524561994218
RESP_0435,2025-08-05 12:48:27.835629,53,Male,PhD,Employed,35855.98307444804,West,Tier-1,6.1,7.0,2.6,240.62,8.0,86.9,141,0.7256557024927724
RESP_0436,2025-09-24 12:48:27.835629,35,Male,Master,Student,75569.51618866301,South,Metro,9.7,9.0,7.2,135.48,8.0,60.9,405,0.580524561994218
RESP_0437,2025-07-21 12:48:27.835629,54,Male,Bachelor,Self-Employed,20377.46460651967,Central,Tier-1,7.8,6.0,1.5,294.46,9.0,78.5,89,1.0159179834898815
RESP_0438,2025-09-02 12:48:27.835629,18,Female,High School,Employed,28294.15126190283,North,Tier-3,6.3,8.0,7.8,123.71,6.0,46.5,280,0.9796351983652429
RESP_0439,2025-09-29 12:48:27.835629,18,Male,High School,Employed,15598.618015375107,North,Tier-3,6.9,6.0,3.2,99.69,10.0,75.0,348,0.9796351983652429
RESP_0440,2025-09-25 12:48:27.835629,34,Female,Master,Self-Employed,15571.49102929166,North,Metro,9.1,8.0,7.3,794.95,4.0,90.6,225,0.5224721057947963
RESP_0441,2025-08-04 12:48:27.835629,39,Male,High School,Unemployed,17387.966835666473,West,Rural,8.4,10.0,5.4,236.33,6.0,73.3,120,1.8141392562319312
RESP_0442,2025-09-10 12:48:27.835629,34,Prefer not to say,High School,Unemployed,24489.694792505885,East,Tier-2,4.9,9.0,3.5,361.89,1.0,91.2,191,1.451311404985545
RESP_0443,2025-08-02 12:48:27.835629,18,Male,High School,Employed,26693.185114755383,East,Tier-1,5.5,7.0,1.3,153.13,6.0,,81,1.0884835537391588
RESP_0444,2025-07-22 12:48:27.835629,33,Male,Bachelor,Employed,45748.10827729956,Central,Tier-1,5.8,13.0,0.8,905.99,5.0,90.2,197,1.0159179834898815
RESP_0445,2025-08-25 12:48:27.835629,19,Male,PhD,Employed,17801.294201143268,Central,Tier-2,,,0.8,208.17,2.0,46.4,70,1.523876975234822
RESP_0446,2025-09-01 12:48:27.835629,43,Female,High School,Self-Employed,46896.866542131844,South,Tier-2,6.1,10.0,9.1,,8.0,78.6,423,0.7256557024927724
RESP_0447,2025-07-22 12:48:27.835629,39,Female,Bachelor,Employed,,North,Tier-1,7.1,7.0,9.6,361.46,7.0,95.4,615,0.6530901322434952
RESP_0448,2025-08-31 12:48:27.835629,23,Female,Bachelor,Employed,24977.788619852476,West,Tier-1,8.1,9.0,3.9,264.88,3.0,97.1,114,1.0884835537391588
RESP_0449,2025-08-12 12:48:27.835629,28,Male,Below High School,Self-Employed,19076.649790124342,Central,Metro,8.4,7.0,6.5,321.1,6.0,89.3,154,0.8127343867919051
RESP_0450,2025-10-12 12:48:27.835629,22,Male,High School,Retired,,East,Tier-3,6.5,9.0,7.5,234.63,10.0,81.0,386,1.0884835537391588
RESP_0451,2025-08-17 12:48:27.835629,34,Female,,Employed,30873.887151100716,West,Tier-1,4.5,10.0,2.1,222.59,4.0,93.5,96,0.7256557024927724
RESP_0452,2025-10-10 12:48:27.835629,46,Male,Bachelor,Employed,43316.17771164282,South,Metro,5.4,6.0,3.0,21828.148257978275,6.0,84.1,267,0.580524561994218
RESP_0453,2025-07-30 12:48:27.835629,23,Male,Master,Self-Employed,127502.74197147148,West,Tier-3,6.2,6.0,1.6,35.56,1.0,87.1,202,1.0884835537391588
RESP_0454,2025-08-31 12:48:27.835629,41,Prefer not to say,Bachelor,Self-Employed,38365.33662098983,West,Rural,5.1,1.0,1.6,153.01,4.0,91.7,68,3.6282785124638623
RESP_0455,2025-09-26 12:48:27.835629,28,Other,High School,Employed,21777.12859406431,East,Rural,8.7,10.0,0.1,436.03,9.0,70.3,268,3.6282785124638623
RESP_0456,2025-09-07 12:48:27.835629,25,Female,Bachelor,Retired,17805.95641653393,North,Tier-1,5.2,5.0,1.7,461.87,7.0,95.8,149,0.9796351983652429
RESP_0457,2025-10-04 12:48:27.835629,33,Female,Master,Student,18365.67468168557,Central,Metro,7.9,13.0,3.4,1089.33,7.0,93.4,160,0.8127343867919051
RESP_0458,2025-08-05 12:48:27.835629,22,Male,High School,Employed,15000.0,West,Tier-1,4.5,13.0,1.6,509.8,4.0,90.3,30,1.0884835537391588
RESP_0459,2025-08-16 12:48:27.835629,28,Male,Master,Employed,76587.93882025617,North,Metro,8.0,11.0,6.2,484.16,8.0,61.3,30,0.5224721057947963
RESP_0460,2025-08-06 12:48:27.835629,20,,High School,Employed,15000.0,West,Rural,6.8,,1.2,328.18,9.0,89.3,164,2.721208884347897
RESP_0461,2025-08-08 12:48:27.835629,58,,Bachelor,Unemployed,53663.258881263464,,Metro,9.3,7.0,0.4,578.15,5.0,95.9,325,0.7546819305924835
RESP_0462,2025-09-07 12:48:27.835629,35,Male,Bachelor,Employed,18134.090061897095,East,Metro,5.3,6.0,5.0,,2.0,99.1,289,0.580524561994218
RESP_0463,2025-07-20 12:48:27.835629,26,Male,Bachelor,Self-Employed,24102.620025016542,West,Tier-1,6.2,9.0,3.4,263.97,3.0,97.4,68,0.7256557024927724
RESP_0464,2025-08-08 12:48:27.835629,37,Male,Bachelor,Self-Employed,,East,Tier-1,0.0,8.0,0.8,269.67,8.0,88.6,205,0.7256557024927724
RESP_0465,2025-08-28 12:48:27.835629,33,Female,Master,Employed,115461.42006266867,Central,Tier-3,6.8,6.0,2.3,569.53,4.0,82.3,356,1.0159179834898815
RESP_0466,2025-09-07 12:48:27.835629,32,Female,Bachelor,Self-Employed,36792.61708533998,North,,6.5,10.0,1.5,267.24,8.0,86.3,198,0.6530901322434952
RESP_0467,2025-10-10 12:48:27.835629,42,,Bachelor,Retired,,North,Metro,6.5,9.0,8.4,357.17,4.0,96.2,42,0.5224721057947963
RESP_0468,2025-08-17 12:48:27.835629,44,Male,Master,Employed,102787.75261062935,North,Metro,6.5,7.0,2.8,164.67,5.0,84.0,151,0.5224721057947963
RESP_0469,2025-08-20 12:48:27.835629,28,Other,Master,Employed,41387.094295325725,West,Tier-1,3.9,10.0,0.5,862.58,0.0,67.5,314,1.451311404985545
RESP_0470,2025-08-06 12:48:27.835629,28,Female,High School,Employed,15000.0,West,Metro,8.5,8.0,2.1,197.95,6.0,81.8,170,0.580524561994218
RESP_0471,2025-10-14 12:48:27.835629,31,,Bachelor,Student,30439.177763747994,Central,Tier-2,10.0,6.0,6.0,258.93,3.0,77.0,161,1.0159179834898815
RESP_0472,2025-07-30 12:48:27.835629,-3,Male,PhD,Retired,20054.35445884929,,Tier-2,7.4,7.0,3.3,481.15,7.0,89.8,133,0.7256557024927724
RESP_0473,2025-09-03 12:48:27.835629,18,Male,High School,Employed,24274.863510084902,East,Tier-2,5.3,10.0,5.5,631.12,8.0,76.8,276,1.0884835537391588
RESP_0474,2025-07-21 12:48:27.835629,51,Male,Bachelor,Unemployed,33667.92780070459,Central,Rural,5.4,5.0,,,7.0,76.2,194,2.5397949587247037
RESP_0475,2025-09-15 12:48:27.835629,54,Female,Unknown Degree,Employed,32619.82418360543,South,Rural,7.9,,6.6,435.48,9.0,75.3,119,1.8141392562319312
RESP_0476,2025-08-14 12:48:27.835629,32,Male,High School,Employed,50497.91507745511,West,Rural,7.6,,4.2,126.61,9.0,61.4,144,1.8141392562319312
RESP_0477,2025-08-11 12:48:27.835629,41,Female,Bachelor,,56717.803493509986,East,Metro,6.6,8.0,3.9,310.74,9.0,73.9,473,0.580524561994218
RESP_0478,2025-09-13 12:48:27.835629,38,Male,Bachelor,Employed,32620.097299466965,West,Metro,8.1,4.0,1.3,431.43,10.0,74.6,91,0.580524561994218
RESP_0479,2025-08-30 12:48:27.835629,71,Male,Bachelor,Employed,50150.06725602212,West,Tier-1,3.9,,6.6,690.12,,80.7,66,0.9433524132406043
RESP_0480,2025-08-25 12:48:27.835629,48,Male,High School,Self-Employed,,West,Tier-3,8.1,5.0,3.0,80.6,5.0,78.3,30,0.7256557024927724
RESP_0481,2025-08-15 12:48:27.835629,33,Male,High School,Employed,,North,Rural,7.4,16.0,5.7,108.29,,64.0,46,1.6327253306087381
RESP_0482,2025-08-14 12:48:27.835629,23,Female,Bachelor,Student,23100.070984468624,East,Tier-3,5.5,2.0,1.3,52.7,8.0,94.3,152,1.0884835537391588
RESP_0483,2025-07-20 12:48:27.835629,18,Female,Master,Employed,94631.8318837866,East,Metro,4.9,8.0,0.5,90.39,8.0,97.8,271,0.8707868429913271
RESP_0484,2025-10-09 12:48:27.835629,37,Female,Master,Employed,15000.0,West,Rural,7.2,9.0,1.2,593.54,0.0,72.4,399,1.8141392562319312
RESP_0485,2025-08-10 12:48:27.835629,25,,Bachelor,Employed,26787.059464152197,East,Tier-1,9.1,11.0,1.8,160.76,8.0,53.0,128,1.0884835537391588
RESP_0486,2025-09-06 12:48:27.835629,18,Male,High School,Unemployed,27867.529172977705,Central,Metro,6.7,8.0,2.3,269.24,,87.2,138,1.2191015801878575
RESP_0487,2025-08-28 12:48:27.835629,27,Male,Bachelor,Employed,45396.64287445628,East,Tier-1,5.7,6.0,2.1,112.15,6.0,56.6,211,0.7256557024927724
RESP_0488,2025-08-21 12:48:27.835629,22,Male,High School,Employed,72363.22031349971,East,Metro,7.3,,2.4,176.83,10.0,87.5,135,0.8707868429913271
RESP_0489,2025-07-25 12:48:27.835629,55,Female,Master,Retired,15000.0,West,Tier-1,9.7,7.0,5.5,808.79,7.0,71.7,173,0.9433524132406043
RESP_0490,2025-08-21 12:48:27.835629,45,Male,Master,Employed,15000.0,East,Tier-1,7.6,10.0,0.6,330.63,4.0,58.2,194,0.7256557024927724
RESP_0491,2025-08-30 12:48:27.835629,34,Male,Bachelor,Employed,15000.0,Central,Tier-1,7.8,10.0,,388.39,7.0,88.2,277,1.0159179834898815
RESP_0492,2025-10-07 12:48:27.835629,52,Female,PhD,Student,104416.95628429054,West,Tier-2,8.8,8.0,6.6,234.29,8.0,53.7,86,0.7256557024927724
RESP_0493,2025-09-20 12:48:27.835629,35,Male,High School,Employed,46077.680339021674,East,Tier-3,7.7,7.0,2.5,547.59,8.0,90.0,143,0.7256557024927724
RESP_0494,2025-09-06 12:48:27.835629,24,Male,Bachelor,Employed,15252.566046645014,North,Tier-2,5.8,,2.6,537.66,8.0,68.8,279,0.9796351983652429
RESP_0495,2025-10-11 12:48:27.835629,53,Male,High School,Employed,25476.814973560016,South,Tier-1,4.4,13.0,2.0,214.18,8.0,63.1,112,0.7256557024927724
RESP_0496,2025-09-23 12:48:27.835629,41,Female,Master,Employed,93471.2439399917,South,Tier-3,5.6,7.0,2.4,256.62,1.0,79.7,111,0.7256557024927724
RESP_0497,2025-08-28 12:48:27.835629,22,Female,High School,Employed,-35444.49680899286,West,Rural,5.3,7.0,0.7,610.09,6.0,83.2,51,2.721208884347897
RESP_0498,2025-07-20 12:48:27.835629,32,Female,Bachelor,Employed,27729.427413501842,North,,8.0,12.0,2.4,268.33,6.0,87.0,195,0.6530901322434952
RESP_0499,2025-07-31 12:48:27.835629,24,Male,,Employed,19437.561531835436,North,Tier-1,,5.0,17.6,194.77,10.0,63.0,202,0.9796351983652429
RESP_0500,2025-08-19 12:48:27.835629,18,Prefer not to say,High School,Employed,,North,Metro,7.3,7.0,2.5,206.12,6.0,73.9,94,1.5674163173843887
